LineId,Content
1,DATASET=SWAT TIMESTAMP=28/12/2015_10:29:14_AM FIT101=2.493675 LIT101=817.6742 MV101=2.0 P101=1.0 P102=1.0 AIT201=262.625 AIT202=8.46533 AIT203=319.7385 FIT201=0.0 MV201=1.0 P201=1.0 P202=1.0 P203=1.0 P204=1.0 P205=1.0 P206=1.0 DPIT301=19.76439 FIT301=2.209269 LIT301=830.5563 MV301=1.0 MV302=2.0 MV303=1.0 MV304=1.0 P301=1.0 P302=2.0 AIT401=148.808 AIT402=154.1912 FIT401=1.711595 LIT401=809.254 P401=1.0 P402=2.0 P403=1.0 P404=1.0 UV401=2.0 AIT501=7.876058 AIT502=143.476 AIT503=262.5288 AIT504=12.11228 FIT501=1.725327 FIT502=1.274881 FIT503=0.7353967 FIT504=0.3081062 P501=2.0 P502=1.0 PIT501=249.8718 PIT502=1.681991 PIT503=188.7977 FIT601=0.000128152 P601=1.0 P602=1.0 P603=1.0 NORMAL_SATTACK=Attack
2,DATASET=SWAT TIMESTAMP=28/12/2015_10:29:15_AM FIT101=2.535951 LIT101=817.949 MV101=2.0 P101=1.0 P102=1.0 AIT201=262.625 AIT202=8.46533 AIT203=319.7385 FIT201=0.0 MV201=1.0 P201=1.0 P202=1.0 P203=1.0 P204=1.0 P205=1.0 P206=1.0 DPIT301=19.76439 FIT301=2.209269 LIT301=829.5549 MV301=1.0 MV302=2.0 MV303=1.0 MV304=1.0 P301=1.0 P302=2.0 AIT401=148.808 AIT402=154.1912 FIT401=1.711595 LIT401=809.2156 P401=1.0 P402=2.0 P403=1.0 P404=1.0 UV401=2.0 AIT501=7.876058 AIT502=143.476 AIT503=262.4007 AIT504=12.11228 FIT501=1.725327 FIT502=1.280646 FIT503=0.7353967 FIT504=0.3081062 P501=2.0 P502=1.0 PIT501=249.8718 PIT502=1.681991 PIT503=188.7977 FIT601=0.000128152 P601=1.0 P602=1.0 P603=1.0 NORMAL_SATTACK=Attack
3,DATASET=SWAT TIMESTAMP=28/12/2015_10:29:16_AM FIT101=2.535951 LIT101=817.949 MV101=2.0 P101=1.0 P102=1.0 AIT201=262.625 AIT202=8.46533 AIT203=319.7385 FIT201=0.0 MV201=1.0 P201=1.0 P202=1.0 P203=1.0 P204=1.0 P205=1.0 P206=1.0 DPIT301=19.76439 FIT301=2.209269 LIT301=829.5549 MV301=1.0 MV302=2.0 MV303=1.0 MV304=1.0 P301=1.0 P302=2.0 AIT401=148.808 AIT402=154.1912 FIT401=1.711595 LIT401=809.2156 P401=1.0 P402=2.0 P403=1.0 P404=1.0 UV401=2.0 AIT501=7.876058 AIT502=143.476 AIT503=262.4007 AIT504=12.11228 FIT501=1.725327 FIT502=1.280646 FIT503=0.7353967 FIT504=0.3081062 P501=2.0 P502=1.0 PIT501=249.8718 PIT502=1.681991 PIT503=188.7977 FIT601=0.000128152 P601=1.0 P602=1.0 P603=1.0 NORMAL_SATTACK=Attack
4,DATASET=SWAT TIMESTAMP=28/12/2015_10:29:17_AM FIT101=2.5699 LIT101=818.4592 MV101=2.0 P101=1.0 P102=1.0 AIT201=262.625 AIT202=8.46533 AIT203=319.7385 FIT201=0.0 MV201=1.0 P201=1.0 P202=1.0 P203=1.0 P204=1.0 P205=1.0 P206=1.0 DPIT301=19.76439 FIT301=2.209269 LIT301=828.9942 MV301=1.0 MV302=2.0 MV303=1.0 MV304=1.0 P301=1.0 P302=2.0 AIT401=148.808 AIT402=154.1912 FIT401=1.711595 LIT401=809.0233 P401=1.0 P402=2.0 P403=1.0 P404=1.0 UV401=2.0 AIT501=7.876058 AIT502=143.476 AIT503=262.3366 AIT504=12.11228 FIT501=1.725327 FIT502=1.289996 FIT503=0.7353967 FIT504=0.3081062 P501=2.0 P502=1.0 PIT501=249.8718 PIT502=1.681991 PIT503=188.7977 FIT601=0.000128152 P601=1.0 P602=1.0 P603=1.0 NORMAL_SATTACK=Attack
5,DATASET=SWAT TIMESTAMP=28/12/2015_10:29:18_AM FIT101=2.610575 LIT101=818.8911 MV101=2.0 P101=1.0 P102=1.0 AIT201=262.625 AIT202=8.46533 AIT203=319.7385 FIT201=0.0 MV201=1.0 P201=1.0 P202=1.0 P203=1.0 P204=1.0 P205=1.0 P206=1.0 DPIT301=19.76439 FIT301=2.209269 LIT301=828.2732 MV301=1.0 MV302=2.0 MV303=1.0 MV304=1.0 P301=1.0 P302=2.0 AIT401=148.808 AIT402=154.1912 FIT401=1.711595 LIT401=808.9464 P401=1.0 P402=2.0 P403=1.0 P404=1.0 UV401=2.0 AIT501=7.876058 AIT502=143.476 AIT503=262.3366 AIT504=12.11228 FIT501=1.725327 FIT502=1.299603 FIT503=0.7353967 FIT504=0.3081062 P501=2.0 P502=1.0 PIT501=250.0801 PIT502=1.681991 PIT503=188.974 FIT601=0.000128152 P601=1.0 P602=1.0 P603=1.0 NORMAL_SATTACK=Attack
6,DATASET=SWAT TIMESTAMP=28/12/2015_10:29:19_AM FIT101=2.635557 LIT101=818.6948 MV101=2.0 P101=1.0 P102=1.0 AIT201=262.625 AIT202=8.46533 AIT203=319.9436 FIT201=0.0 MV201=1.0 P201=1.0 P202=1.0 P203=1.0 P204=1.0 P205=1.0 P206=1.0 DPIT301=19.76439 FIT301=2.209269 LIT301=827.9528 MV301=1.0 MV302=2.0 MV303=1.0 MV304=1.0 P301=1.0 P302=2.0 AIT401=148.808 AIT402=154.1912 FIT401=1.711595 LIT401=808.7926 P401=1.0 P402=2.0 P403=1.0 P404=1.0 UV401=2.0 AIT501=7.876058 AIT502=143.476 AIT503=262.3366 AIT504=12.11228 FIT501=1.725327 FIT502=1.301652 FIT503=0.7353967 FIT504=0.3086186 P501=2.0 P502=1.0 PIT501=250.1923 PIT502=1.681991 PIT503=188.974 FIT601=0.000128152 P601=1.0 P602=1.0 P603=1.0 NORMAL_SATTACK=Attack
7,DATASET=SWAT TIMESTAMP=28/12/2015_10:29:20_AM FIT101=2.657336 LIT101=819.3228 MV101=2.0 P101=1.0 P102=1.0 AIT201=262.625 AIT202=8.46533 AIT203=319.9436 FIT201=0.0 MV201=1.0 P201=1.0 P202=1.0 P203=1.0 P204=1.0 P205=1.0 P206=1.0 DPIT301=19.76439 FIT301=2.209269 LIT301=827.4321 MV301=1.0 MV302=2.0 MV303=1.0 MV304=1.0 P301=1.0 P302=2.0 AIT401=148.808 AIT402=154.1912 FIT401=1.711595 LIT401=808.9464 P401=1.0 P402=2.0 P403=1.0 P404=1.0 UV401=2.0 AIT501=7.876058 AIT502=143.476 AIT503=262.3366 AIT504=12.11228 FIT501=1.725327 FIT502=1.284745 FIT503=0.7353967 FIT504=0.3086186 P501=2.0 P502=1.0 PIT501=250.1923 PIT502=1.681991 PIT503=188.974 FIT601=0.000128152 P601=1.0 P602=1.0 P603=1.0 NORMAL_SATTACK=Attack
8,DATASET=SWAT TIMESTAMP=28/12/2015_10:29:21_AM FIT101=2.663741 LIT101=819.7938 MV101=2.0 P101=1.0 P102=1.0 AIT201=262.625 AIT202=8.46533 AIT203=319.9436 FIT201=0.0 MV201=1.0 P201=1.0 P202=1.0 P203=1.0 P204=1.0 P205=1.0 P206=1.0 DPIT301=19.72598 FIT301=2.209269 LIT301=826.8713 MV301=1.0 MV302=2.0 MV303=1.0 MV304=1.0 P301=1.0 P302=2.0 AIT401=148.808 AIT402=154.1912 FIT401=1.71262 LIT401=808.9464 P401=1.0 P402=2.0 P403=1.0 P404=1.0 UV401=2.0 AIT501=7.876058 AIT502=143.476 AIT503=262.3366 AIT504=12.11228 FIT501=1.725327 FIT502=1.273473 FIT503=0.7353967 FIT504=0.3086186 P501=2.0 P502=1.0 PIT501=250.1923 PIT502=1.681991 PIT503=189.0541 FIT601=0.000128152 P601=1.0 P602=1.0 P603=1.0 NORMAL_SATTACK=Attack
9,DATASET=SWAT TIMESTAMP=28/12/2015_10:29:22_AM FIT101=2.641642 LIT101=820.0686 MV101=2.0 P101=1.0 P102=1.0 AIT201=262.625 AIT202=8.46533 AIT203=319.9436 FIT201=0.0 MV201=1.0 P201=1.0 P202=1.0 P203=1.0 P204=1.0 P205=1.0 P206=1.0 DPIT301=19.70677 FIT301=2.210678 LIT301=826.3907 MV301=1.0 MV302=2.0 MV303=1.0 MV304=1.0 P301=1.0 P302=2.0 AIT401=148.808 AIT402=154.4219 FIT401=1.714029 LIT401=808.9849 P401=1.0 P402=2.0 P403=1.0 P404=1.0 UV401=2.0 AIT501=7.876058 AIT502=143.476 AIT503=262.3366 AIT504=12.11228 FIT501=1.726352 FIT502=1.26425 FIT503=0.7353967 FIT504=0.3086186 P501=2.0 P502=1.0 PIT501=250.1923 PIT502=1.681991 PIT503=189.0541 FIT601=0.000128152 P601=1.0 P602=1.0 P603=1.0 NORMAL_SATTACK=Attack
10,DATASET=SWAT TIMESTAMP=28/12/2015_10:29:23_AM FIT101=2.629792 LIT101=820.4611 MV101=2.0 P101=1.0 P102=1.0 AIT201=262.625 AIT202=8.46533 AIT203=319.9436 FIT201=0.0 MV201=1.0 P201=1.0 P202=1.0 P203=1.0 P204=1.0 P205=1.0 P206=1.0 DPIT301=19.70677 FIT301=2.210678 LIT301=826.2705 MV301=1.0 MV302=2.0 MV303=1.0 MV304=1.0 P301=1.0 P302=2.0 AIT401=148.808 AIT402=154.4219 FIT401=1.716464 LIT401=809.7155 P401=1.0 P402=2.0 P403=1.0 P404=1.0 UV401=2.0 AIT501=7.876058 AIT502=143.476 AIT503=262.3366 AIT504=12.11228 FIT501=1.727378 FIT502=1.262073 FIT503=0.7353967 FIT504=0.3086186 P501=2.0 P502=1.0 PIT501=250.1923 PIT502=1.681991 PIT503=189.2143 FIT601=0.000128152 P601=1.0 P602=1.0 P603=1.0 NORMAL_SATTACK=Attack
11,DATASET=SWAT TIMESTAMP=28/12/2015_10:29:24_AM FIT101=2.621145 LIT101=821.2855 MV101=2.0 P101=1.0 P102=1.0 AIT201=262.625 AIT202=8.46533 AIT203=319.7898 FIT201=0.0 MV201=1.0 P201=1.0 P202=1.0 P203=1.0 P204=1.0 P205=1.0 P206=1.0 DPIT301=19.70677 FIT301=2.210678 LIT301=825.6296 MV301=1.0 MV302=2.0 MV303=1.0 MV304=1.0 P301=1.0 P302=2.0 AIT401=148.808 AIT402=154.4219 FIT401=1.717105 LIT401=809.7924 P401=1.0 P402=2.0 P403=1.0 P404=1.0 UV401=2.0 AIT501=7.876058 AIT502=143.476 AIT503=262.3366 AIT504=12.11228 FIT501=1.727378 FIT502=1.270911 FIT503=0.7353967 FIT504=0.3086186 P501=2.0 P502=1.0 PIT501=250.1923 PIT502=1.681991 PIT503=189.2143 FIT601=0.000128152 P601=1.0 P602=1.0 P603=1.0 NORMAL_SATTACK=Attack
12,DATASET=SWAT TIMESTAMP=28/12/2015_10:29:25_AM FIT101=2.612497 LIT101=821.2855 MV101=2.0 P101=1.0 P102=1.0 AIT201=262.625 AIT202=8.46533 AIT203=319.7898 FIT201=0.0 MV201=1.0 P201=1.0 P202=1.0 P203=1.0 P204=1.0 P205=1.0 P206=1.0 DPIT301=19.65555 FIT301=2.210678 LIT301=824.9888 MV301=1.0 MV302=2.0 MV303=1.0 MV304=1.0 P301=1.0 P302=2.0 AIT401=148.808 AIT402=154.4219 FIT401=1.717105 LIT401=810.3307 P401=1.0 P402=2.0 P403=1.0 P404=1.0 UV401=2.0 AIT501=7.876058 AIT502=143.476 AIT503=262.3366 AIT504=12.11228 FIT501=1.727378 FIT502=1.271551 FIT503=0.7353967 FIT504=0.3086186 P501=2.0 P502=1.0 PIT501=250.1923 PIT502=1.681991 PIT503=189.0861 FIT601=0.000128152 P601=1.0 P602=1.0 P603=1.0 NORMAL_SATTACK=Attack
13,DATASET=SWAT TIMESTAMP=28/12/2015_10:29:26_AM FIT101=2.601928 LIT101=821.4817 MV101=2.0 P101=1.0 P102=1.0 AIT201=262.625 AIT202=8.46533 AIT203=319.7898 FIT201=0.0 MV201=1.0 P201=1.0 P202=1.0 P203=1.0 P204=1.0 P205=1.0 P206=1.0 DPIT301=19.63634 FIT301=2.209269 LIT301=824.5482 MV301=1.0 MV302=2.0 MV303=1.0 MV304=1.0 P301=1.0 P302=2.0 AIT401=148.808 AIT402=154.4219 FIT401=1.717105 LIT401=810.5614 P401=1.0 P402=2.0 P403=1.0 P404=1.0 UV401=2.0 AIT501=7.876058 AIT502=143.476 AIT503=262.3366 AIT504=12.11228 FIT501=1.727378 FIT502=1.280517 FIT503=0.7353967 FIT504=0.3080421 P501=2.0 P502=1.0 PIT501=250.1923 PIT502=1.681991 PIT503=189.0861 FIT601=0.000128152 P601=1.0 P602=1.0 P603=1.0 NORMAL_SATTACK=Attack
14,DATASET=SWAT TIMESTAMP=28/12/2015_10:29:27_AM FIT101=2.585274 LIT101=821.8743 MV101=2.0 P101=1.0 P102=1.0 AIT201=262.625 AIT202=8.46533 AIT203=319.7898 FIT201=0.0 MV201=1.0 P201=1.0 P202=1.0 P203=1.0 P204=1.0 P205=1.0 P206=1.0 DPIT301=19.63634 FIT301=2.208884 LIT301=823.9474 MV301=1.0 MV302=2.0 MV303=1.0 MV304=1.0 P301=1.0 P302=2.0 AIT401=148.808 AIT402=154.4219 FIT401=1.717105 LIT401=810.9459 P401=1.0 P402=2.0 P403=1.0 P404=1.0 UV401=2.0 AIT501=7.876058 AIT502=143.7067 AIT503=262.4007 AIT504=12.11228 FIT501=1.725711 FIT502=1.281927 FIT503=0.7353967 FIT504=0.3080421 P501=2.0 P502=1.0 PIT501=250.1923 PIT502=1.681991 PIT503=188.974 FIT601=0.000128152 P601=1.0 P602=1.0 P603=1.0 NORMAL_SATTACK=Attack
15,DATASET=SWAT TIMESTAMP=28/12/2015_10:29:28_AM FIT101=2.566698 LIT101=822.2275 MV101=2.0 P101=1.0 P102=1.0 AIT201=262.625 AIT202=8.46533 AIT203=319.7898 FIT201=0.0 MV201=1.0 P201=1.0 P202=1.0 P203=1.0 P204=1.0 P205=1.0 P206=1.0 DPIT301=19.63634 FIT301=2.208884 LIT301=823.5469 MV301=1.0 MV302=2.0 MV303=1.0 MV304=1.0 P301=1.0 P302=2.0 AIT401=148.808 AIT402=154.4219 FIT401=1.717105 LIT401=810.9075 P401=1.0 P402=2.0 P403=1.0 P404=1.0 UV401=2.0 AIT501=7.876058 AIT502=143.7067 AIT503=262.4007 AIT504=12.11228 FIT501=1.725455 FIT502=1.290124 FIT503=0.7353967 FIT504=0.3080421 P501=2.0 P502=1.0 PIT501=250.1923 PIT502=1.681991 PIT503=188.974 FIT601=0.000128152 P601=1.0 P602=1.0 P603=1.0 NORMAL_SATTACK=Attack
16,DATASET=SWAT TIMESTAMP=28/12/2015_10:29:29_AM FIT101=2.554847 LIT101=822.777 MV101=2.0 P101=1.0 P102=1.0 AIT201=262.625 AIT202=8.46533 AIT203=319.7898 FIT201=0.0 MV201=1.0 P201=1.0 P202=1.0 P203=1.0 P204=1.0 P205=1.0 P206=1.0 DPIT301=19.70037 FIT301=2.208884 LIT301=823.3466 MV301=1.0 MV302=2.0 MV303=1.0 MV304=1.0 P301=1.0 P302=2.0 AIT401=148.808 AIT402=154.4219 FIT401=1.717105 LIT401=810.6383 P401=1.0 P402=2.0 P403=1.0 P404=1.0 UV401=2.0 AIT501=7.876058 AIT502=143.7067 AIT503=262.4007 AIT504=12.11228 FIT501=1.725455 FIT502=1.291533 FIT503=0.7353967 FIT504=0.3083624 P501=2.0 P502=1.0 PIT501=250.1923 PIT502=1.681991 PIT503=188.974 FIT601=0.000128152 P601=1.0 P602=1.0 P603=1.0 NORMAL_SATTACK=Attack
17,DATASET=SWAT TIMESTAMP=28/12/2015_10:29:30_AM FIT101=2.542036 LIT101=823.0518 MV101=2.0 P101=1.0 P102=1.0 AIT201=262.625 AIT202=8.46533 AIT203=319.7898 FIT201=0.0 MV201=1.0 P201=1.0 P202=1.0 P203=1.0 P204=1.0 P205=1.0 P206=1.0 DPIT301=19.73558 FIT301=2.208884 LIT301=823.0262 MV301=1.0 MV302=2.0 MV303=1.0 MV304=1.0 P301=1.0 P302=2.0 AIT401=148.808 AIT402=154.3707 FIT401=1.717105 LIT401=811.0228 P401=1.0 P402=2.0 P403=1.0 P404=1.0 UV401=2.0 AIT501=7.876058 AIT502=143.5529 AIT503=262.4007 AIT504=12.11228 FIT501=1.725455 FIT502=1.291533 FIT503=0.7353967 FIT504=0.3084265 P501=2.0 P502=1.0 PIT501=250.1923 PIT502=1.681991 PIT503=188.974 FIT601=0.000128152 P601=1.0 P602=1.0 P603=1.0 NORMAL_SATTACK=Attack
18,DATASET=SWAT TIMESTAMP=28/12/2015_10:29:31_AM FIT101=2.526022 LIT101=823.7976 MV101=2.0 P101=1.0 P102=1.0 AIT201=262.625 AIT202=8.46533 AIT203=319.7898 FIT201=0.0 MV201=1.0 P201=1.0 P202=1.0 P203=1.0 P204=1.0 P205=1.0 P206=1.0 DPIT301=19.73558 FIT301=2.208884 LIT301=822.6657 MV301=1.0 MV302=2.0 MV303=1.0 MV304=1.0 P301=1.0 P302=2.0 AIT401=148.808 AIT402=154.3194 FIT401=1.716208 LIT401=810.9459 P401=1.0 P402=2.0 P403=1.0 P404=1.0 UV401=2.0 AIT501=7.876058 AIT502=143.5529 AIT503=262.4007 AIT504=12.11228 FIT501=1.725455 FIT502=1.291533 FIT503=0.7353967 FIT504=0.3084265 P501=2.0 P502=1.0 PIT501=250.1923 PIT502=1.681991 PIT503=188.974 FIT601=0.000128152 P601=1.0 P602=1.0 P603=1.0 NORMAL_SATTACK=Attack
19,DATASET=SWAT TIMESTAMP=28/12/2015_10:29:32_AM FIT101=2.503923 LIT101=824.5042 MV101=2.0 P101=1.0 P102=1.0 AIT201=262.625 AIT202=8.46533 AIT203=319.7898 FIT201=0.0 MV201=1.0 P201=1.0 P202=1.0 P203=1.0 P204=1.0 P205=1.0 P206=1.0 DPIT301=19.73558 FIT301=2.208884 LIT301=822.3853 MV301=1.0 MV302=2.0 MV303=1.0 MV304=1.0 P301=1.0 P302=2.0 AIT401=148.808 AIT402=154.2425 FIT401=1.715183 LIT401=811.4843 P401=1.0 P402=2.0 P403=1.0 P404=1.0 UV401=2.0 AIT501=7.876058 AIT502=143.5529 AIT503=262.4007 AIT504=12.11228 FIT501=1.723789 FIT502=1.282567 FIT503=0.7353967 FIT504=0.3084265 P501=2.0 P502=1.0 PIT501=250.1923 PIT502=1.681991 PIT503=188.974 FIT601=0.000128152 P601=1.0 P602=1.0 P603=1.0 NORMAL_SATTACK=Attack
20,DATASET=SWAT TIMESTAMP=28/12/2015_10:29:33_AM FIT101=2.491432 LIT101=824.5042 MV101=2.0 P101=1.0 P102=1.0 AIT201=262.625 AIT202=8.46533 AIT203=319.7898 FIT201=0.0 MV201=1.0 P201=1.0 P202=1.0 P203=1.0 P204=1.0 P205=1.0 P206=1.0 DPIT301=19.73558 FIT301=2.208884 LIT301=821.6643 MV301=1.0 MV302=2.0 MV303=1.0 MV304=1.0 P301=1.0 P302=2.0 AIT401=148.808 AIT402=154.2425 FIT401=1.715183 LIT401=811.3304 P401=1.0 P402=2.0 P403=1.0 P404=1.0 UV401=2.0 AIT501=7.876058 AIT502=143.5529 AIT503=262.4007 AIT504=12.11228 FIT501=1.723789 FIT502=1.266171 FIT503=0.7353967 FIT504=0.3084265 P501=2.0 P502=1.0 PIT501=250.1923 PIT502=1.681991 PIT503=188.974 FIT601=0.000128152 P601=1.0 P602=1.0 P603=1.0 NORMAL_SATTACK=Attack
21,DATASET=SWAT TIMESTAMP=28/12/2015_10:29:34_AM FIT101=2.475098 LIT101=824.936 MV101=2.0 P101=1.0 P102=1.0 AIT201=262.625 AIT202=8.46533 AIT203=319.7898 FIT201=0.0 MV201=1.0 P201=1.0 P202=1.0 P203=1.0 P204=1.0 P205=1.0 P206=1.0 DPIT301=19.73558 FIT301=2.208884 LIT301=821.8245 MV301=1.0 MV302=2.0 MV303=1.0 MV304=1.0 P301=1.0 P302=2.0 AIT401=148.808 AIT402=154.2425 FIT401=1.715183 LIT401=811.4073 P401=1.0 P402=2.0 P403=1.0 P404=1.0 UV401=2.0 AIT501=7.876058 AIT502=143.5529 AIT503=262.4007 AIT504=12.11228 FIT501=1.723789 FIT502=1.266299 FIT503=0.7353967 FIT504=0.3084265 P501=2.0 P502=1.0 PIT501=250.032 PIT502=1.681991 PIT503=188.974 FIT601=0.000128152 P601=1.0 P602=1.0 P603=1.0 NORMAL_SATTACK=Attack
22,DATASET=SWAT TIMESTAMP=28/12/2015_10:29:35_AM FIT101=2.455241 LIT101=825.2892 MV101=2.0 P101=1.0 P102=1.0 AIT201=262.625 AIT202=8.46533 AIT203=319.7898 FIT201=0.0 MV201=1.0 P201=1.0 P202=1.0 P203=1.0 P204=1.0 P205=1.0 P206=1.0 DPIT301=19.74198 FIT301=2.208884 LIT301=821.0235 MV301=1.0 MV302=2.0 MV303=1.0 MV304=1.0 P301=1.0 P302=2.0 AIT401=148.808 AIT402=154.5245 FIT401=1.715183 LIT401=811.4843 P401=1.0 P402=2.0 P403=1.0 P404=1.0 UV401=2.0 AIT501=7.876058 AIT502=143.5529 AIT503=262.4007 AIT504=12.11228 FIT501=1.723789 FIT502=1.260664 FIT503=0.7353967 FIT504=0.3084265 P501=2.0 P502=1.0 PIT501=250.032 PIT502=1.762086 PIT503=188.9259 FIT601=0.000128152 P601=1.0 P602=1.0 P603=1.0 NORMAL_SATTACK=Attack
23,DATASET=SWAT TIMESTAMP=28/12/2015_10:29:36_AM FIT101=2.441149 LIT101=825.3677 MV101=2.0 P101=1.0 P102=1.0 AIT201=262.625 AIT202=8.46533 AIT203=319.7898 FIT201=0.0 MV201=1.0 P201=1.0 P202=1.0 P203=1.0 P204=1.0 P205=1.0 P206=1.0 DPIT301=19.82201 FIT301=2.209013 LIT301=820.5428 MV301=1.0 MV302=2.0 MV303=1.0 MV304=1.0 P301=1.0 P302=2.0 AIT401=148.808 AIT402=154.5245 FIT401=1.718002 LIT401=811.1766 P401=1.0 P402=2.0 P403=1.0 P404=1.0 UV401=2.0 AIT501=7.876058 AIT502=143.5529 AIT503=262.5288 AIT504=12.11228 FIT501=1.723789 FIT502=1.265787 FIT503=0.7353967 FIT504=0.3084265 P501=2.0 P502=1.0 PIT501=250.032 PIT502=1.810143 PIT503=188.9259 FIT601=0.000128152 P601=1.0 P602=1.0 P603=1.0 NORMAL_SATTACK=Attack
24,DATASET=SWAT TIMESTAMP=28/12/2015_10:29:37_AM FIT101=2.428658 LIT101=825.9173 MV101=2.0 P101=1.0 P102=1.0 AIT201=262.625 AIT202=8.46533 AIT203=319.7898 FIT201=0.0 MV201=1.0 P201=1.0 P202=1.0 P203=1.0 P204=1.0 P205=1.0 P206=1.0 DPIT301=19.84762 FIT301=2.209013 LIT301=820.0622 MV301=1.0 MV302=2.0 MV303=1.0 MV304=1.0 P301=1.0 P302=2.0 AIT401=148.808 AIT402=154.5245 FIT401=1.718002 LIT401=811.5227 P401=1.0 P402=2.0 P403=1.0 P404=1.0 UV401=2.0 AIT501=7.876058 AIT502=143.5529 AIT503=262.5288 AIT504=12.11228 FIT501=1.723789 FIT502=1.267196 FIT503=0.7353967 FIT504=0.3084265 P501=2.0 P502=1.0 PIT501=250.032 PIT502=1.810143 PIT503=188.9259 FIT601=0.000128152 P601=1.0 P602=1.0 P603=1.0 NORMAL_SATTACK=Attack
25,DATASET=SWAT TIMESTAMP=28/12/2015_10:29:38_AM FIT101=2.425135 LIT101=826.3491 MV101=2.0 P101=1.0 P102=1.0 AIT201=262.625 AIT202=8.46533 AIT203=319.7898 FIT201=0.0 MV201=1.0 P201=1.0 P202=1.0 P203=1.0 P204=1.0 P205=1.0 P206=1.0 DPIT301=19.84762 FIT301=2.209525 LIT301=819.6216 MV301=1.0 MV302=2.0 MV303=1.0 MV304=1.0 P301=1.0 P302=2.0 AIT401=148.808 AIT402=154.5245 FIT401=1.718002 LIT401=811.0997 P401=1.0 P402=2.0 P403=1.0 P404=1.0 UV401=2.0 AIT501=7.876058 AIT502=143.5529 AIT503=262.5288 AIT504=12.11228 FIT501=1.723789 FIT502=1.262969 FIT503=0.7353967 FIT504=0.3084265 P501=2.0 P502=1.0 PIT501=250.032 PIT502=1.810143 PIT503=188.9259 FIT601=0.000128152 P601=1.0 P602=1.0 P603=1.0 NORMAL_SATTACK=Attack
26,DATASET=SWAT TIMESTAMP=28/12/2015_10:29:39_AM FIT101=2.425135 LIT101=826.6631 MV101=2.0 P101=1.0 P102=1.0 AIT201=262.625 AIT202=8.46533 AIT203=319.7898 FIT201=0.0 MV201=1.0 P201=1.0 P202=1.0 P203=1.0 P204=1.0 P205=1.0 P206=1.0 DPIT301=19.7836 FIT301=2.209525 LIT301=819.0208 MV301=1.0 MV302=2.0 MV303=1.0 MV304=1.0 P301=1.0 P302=2.0 AIT401=148.808 AIT402=154.5245 FIT401=1.718002 LIT401=810.7921 P401=1.0 P402=2.0 P403=1.0 P404=1.0 UV401=2.0 AIT501=7.876058 AIT502=143.5529 AIT503=262.5288 AIT504=12.11228 FIT501=1.723789 FIT502=1.267452 FIT503=0.7353967 FIT504=0.3084265 P501=2.0 P502=1.0 PIT501=250.032 PIT502=1.665972 PIT503=188.9259 FIT601=0.000128152 P601=1.0 P602=1.0 P603=1.0 NORMAL_SATTACK=Attack
27,DATASET=SWAT TIMESTAMP=28/12/2015_10:29:40_AM FIT101=2.43026 LIT101=827.8799 MV101=2.0 P101=1.0 P102=1.0 AIT201=262.625 AIT202=8.46533 AIT203=319.7898 FIT201=0.0 MV201=1.0 P201=1.0 P202=1.0 P203=1.0 P204=1.0 P205=1.0 P206=1.0 DPIT301=19.73558 FIT301=2.209525 LIT301=819.1409 MV301=1.0 MV302=2.0 MV303=1.0 MV304=1.0 P301=1.0 P302=2.0 AIT401=148.808 AIT402=154.5245 FIT401=1.715952 LIT401=811.0228 P401=1.0 P402=2.0 P403=1.0 P404=1.0 UV401=2.0 AIT501=7.876058 AIT502=143.5529 AIT503=262.5288 AIT504=12.11228 FIT501=1.723789 FIT502=1.28103 FIT503=0.7353967 FIT504=0.3084265 P501=2.0 P502=1.0 PIT501=250.032 PIT502=1.665972 PIT503=188.8458 FIT601=0.000128152 P601=1.0 P602=1.0 P603=1.0 NORMAL_SATTACK=Attack
28,DATASET=SWAT TIMESTAMP=28/12/2015_10:29:41_AM FIT101=2.483105 LIT101=828.7042 MV101=2.0 P101=1.0 P102=1.0 AIT201=262.625 AIT202=8.46533 AIT203=319.7898 FIT201=0.0 MV201=1.0 P201=1.0 P202=1.0 P203=1.0 P204=1.0 P205=1.0 P206=1.0 DPIT301=19.73558 FIT301=2.209525 LIT301=818.42 MV301=1.0 MV302=2.0 MV303=1.0 MV304=1.0 P301=1.0 P302=2.0 AIT401=148.808 AIT402=154.5245 FIT401=1.715952 LIT401=810.8306 P401=1.0 P402=2.0 P403=1.0 P404=1.0 UV401=2.0 AIT501=7.876058 AIT502=143.5529 AIT503=262.5288 AIT504=12.11228 FIT501=1.721738 FIT502=1.28167 FIT503=0.7353967 FIT504=0.3084265 P501=2.0 P502=1.0 PIT501=250.032 PIT502=1.665972 PIT503=188.7337 FIT601=0.000128152 P601=1.0 P602=1.0 P603=1.0 NORMAL_SATTACK=Attack
29,DATASET=SWAT TIMESTAMP=28/12/2015_10:29:42_AM FIT101=2.519937 LIT101=829.2145 MV101=2.0 P101=1.0 P102=1.0 AIT201=262.625 AIT202=8.461164 AIT203=319.7898 FIT201=0.0 MV201=1.0 P201=1.0 P202=1.0 P203=1.0 P204=1.0 P205=1.0 P206=1.0 DPIT301=19.73558 FIT301=2.209909 LIT301=818.0194 MV301=1.0 MV302=2.0 MV303=1.0 MV304=1.0 P301=1.0 P302=2.0 AIT401=148.808 AIT402=154.5245 FIT401=1.714029 LIT401=810.6383 P401=1.0 P402=2.0 P403=1.0 P404=1.0 UV401=2.0 AIT501=7.876058 AIT502=143.5529 AIT503=262.5288 AIT504=12.11228 FIT501=1.721738 FIT502=1.298322 FIT503=0.7353967 FIT504=0.3084265 P501=2.0 P502=1.0 PIT501=249.7917 PIT502=1.665972 PIT503=188.7337 FIT601=0.000128152 P601=1.0 P602=1.0 P603=1.0 NORMAL_SATTACK=Attack
30,DATASET=SWAT TIMESTAMP=28/12/2015_10:29:43_AM FIT101=2.563174 LIT101=829.9211 MV101=2.0 P101=1.0 P102=1.0 AIT201=262.625 AIT202=8.460524 AIT203=319.7898 FIT201=0.0 MV201=1.0 P201=1.0 P202=1.0 P203=1.0 P204=1.0 P205=1.0 P206=1.0 DPIT301=19.73558 FIT301=2.209909 LIT301=817.4186 MV301=1.0 MV302=2.0 MV303=1.0 MV304=1.0 P301=1.0 P302=2.0 AIT401=148.808 AIT402=154.5245 FIT401=1.712363 LIT401=810.7537 P401=1.0 P402=2.0 P403=1.0 P404=1.0 UV401=2.0 AIT501=7.876058 AIT502=143.5529 AIT503=262.5288 AIT504=12.11228 FIT501=1.721738 FIT502=1.295248 FIT503=0.7353967 FIT504=0.3084265 P501=2.0 P502=1.0 PIT501=249.7597 PIT502=1.665972 PIT503=188.7337 FIT601=0.000128152 P601=1.0 P602=1.0 P603=1.0 NORMAL_SATTACK=Attack
31,DATASET=SWAT TIMESTAMP=28/12/2015_10:29:44_AM FIT101=2.596163 LIT101=830.3921 MV101=2.0 P101=1.0 P102=1.0 AIT201=262.625 AIT202=8.460524 AIT203=319.7898 FIT201=0.0 MV201=1.0 P201=1.0 P202=1.0 P203=1.0 P204=1.0 P205=1.0 P206=1.0 DPIT301=19.65235 FIT301=2.209909 LIT301=817.4186 MV301=1.0 MV302=2.0 MV303=1.0 MV304=1.0 P301=1.0 P302=2.0 AIT401=148.808 AIT402=154.5245 FIT401=1.711723 LIT401=810.3691 P401=1.0 P402=2.0 P403=1.0 P404=1.0 UV401=2.0 AIT501=7.876058 AIT502=143.5529 AIT503=262.5288 AIT504=12.11228 FIT501=1.721738 FIT502=1.291149 FIT503=0.7353967 FIT504=0.3084265 P501=2.0 P502=1.0 PIT501=249.7597 PIT502=1.665972 PIT503=188.7337 FIT601=0.000128152 P601=1.0 P602=1.0 P603=1.0 NORMAL_SATTACK=Attack
32,DATASET=SWAT TIMESTAMP=28/12/2015_10:29:45_AM FIT101=2.630112 LIT101=831.2949 MV101=2.0 P101=1.0 P102=1.0 AIT201=262.625 AIT202=8.460524 AIT203=319.7898 FIT201=0.0 MV201=1.0 P201=1.0 P202=1.0 P203=1.0 P204=1.0 P205=1.0 P206=1.0 DPIT301=19.65235 FIT301=2.209909 LIT301=816.5775 MV301=1.0 MV302=2.0 MV303=1.0 MV304=1.0 P301=1.0 P302=2.0 AIT401=148.808 AIT402=154.5245 FIT401=1.711723 LIT401=810.5229 P401=1.0 P402=2.0 P403=1.0 P404=1.0 UV401=2.0 AIT501=7.876058 AIT502=143.5529 AIT503=262.5288 AIT504=11.92002 FIT501=1.721738 FIT502=1.298322 FIT503=0.7353967 FIT504=0.3084265 P501=2.0 P502=1.0 PIT501=250.032 PIT502=1.665972 PIT503=188.7337 FIT601=0.000128152 P601=1.0 P602=1.0 P603=1.0 NORMAL_SATTACK=Attack
33,DATASET=SWAT TIMESTAMP=28/12/2015_10:29:46_AM FIT101=2.641963 LIT101=832.08 MV101=2.0 P101=1.0 P102=1.0 AIT201=262.625 AIT202=8.460524 AIT203=319.7898 FIT201=0.0 MV201=1.0 P201=1.0 P202=1.0 P203=1.0 P204=1.0 P205=1.0 P206=1.0 DPIT301=19.61073 FIT301=2.209909 LIT301=816.3372 MV301=1.0 MV302=2.0 MV303=1.0 MV304=1.0 P301=1.0 P302=2.0 AIT401=148.808 AIT402=154.5245 FIT401=1.711723 LIT401=810.3691 P401=1.0 P402=2.0 P403=1.0 P404=1.0 UV401=2.0 AIT501=7.876058 AIT502=143.5529 AIT503=262.5288 AIT504=11.92002 FIT501=1.724173 FIT502=1.293326 FIT503=0.7353967 FIT504=0.3084265 P501=2.0 P502=1.0 PIT501=250.032 PIT502=1.665972 PIT503=188.7337 FIT601=0.000128152 P601=1.0 P602=1.0 P603=1.0 NORMAL_SATTACK=Attack
34,DATASET=SWAT TIMESTAMP=28/12/2015_10:29:47_AM FIT101=2.649649 LIT101=832.551 MV101=2.0 P101=1.0 P102=1.0 AIT201=262.625 AIT202=8.460524 AIT203=319.7898 FIT201=0.0 MV201=1.0 P201=1.0 P202=1.0 P203=1.0 P204=1.0 P205=1.0 P206=1.0 DPIT301=19.61073 FIT301=2.209909 LIT301=815.2557 MV301=1.0 MV302=2.0 MV303=1.0 MV304=1.0 P301=1.0 P302=2.0 AIT401=148.808 AIT402=154.5245 FIT401=1.711723 LIT401=810.7921 P401=1.0 P402=2.0 P403=1.0 P404=1.0 UV401=2.0 AIT501=7.876058 AIT502=143.5529 AIT503=262.5288 AIT504=11.92002 FIT501=1.724173 FIT502=1.281927 FIT503=0.7353967 FIT504=0.3084265 P501=2.0 P502=1.0 PIT501=250.032 PIT502=1.665972 PIT503=188.8939 FIT601=0.000128152 P601=1.0 P602=1.0 P603=1.0 NORMAL_SATTACK=Attack
35,DATASET=SWAT TIMESTAMP=28/12/2015_10:29:48_AM FIT101=2.639721 LIT101=833.2576 MV101=2.0 P101=1.0 P102=1.0 AIT201=262.625 AIT202=8.460524 AIT203=319.7898 FIT201=0.0 MV201=1.0 P201=1.0 P202=1.0 P203=1.0 P204=1.0 P205=1.0 P206=1.0 DPIT301=19.61073 FIT301=2.209909 LIT301=814.8151 MV301=1.0 MV302=2.0 MV303=1.0 MV304=1.0 P301=1.0 P302=2.0 AIT401=148.808 AIT402=154.5245 FIT401=1.711723 LIT401=810.7152 P401=1.0 P402=2.0 P403=1.0 P404=1.0 UV401=2.0 AIT501=7.876058 AIT502=143.5529 AIT503=262.3686 AIT504=11.92002 FIT501=1.724173 FIT502=1.28167 FIT503=0.7377012 FIT504=0.3084265 P501=2.0 P502=1.0 PIT501=250.1442 PIT502=1.665972 PIT503=188.9259 FIT601=0.000128152 P601=1.0 P602=1.0 P603=1.0 NORMAL_SATTACK=Attack
36,DATASET=SWAT TIMESTAMP=28/12/2015_10:29:49_AM FIT101=2.618582 LIT101=833.7286 MV101=2.0 P101=1.0 P102=1.0 AIT201=262.625 AIT202=8.460524 AIT203=319.7898 FIT201=0.0 MV201=1.0 P201=1.0 P202=1.0 P203=1.0 P204=1.0 P205=1.0 P206=1.0 DPIT301=19.65235 FIT301=2.209909 LIT301=813.974 MV301=1.0 MV302=2.0 MV303=1.0 MV304=1.0 P301=1.0 P302=2.0 AIT401=148.808 AIT402=154.5245 FIT401=1.714029 LIT401=810.4076 P401=1.0 P402=2.0 P403=1.0 P404=1.0 UV401=2.0 AIT501=7.876058 AIT502=143.5529 AIT503=262.3686 AIT504=11.92002 FIT501=1.724173 FIT502=1.281542 FIT503=0.7377012 FIT504=0.3084265 P501=2.0 P502=1.0 PIT501=250.1762 PIT502=1.665972 PIT503=188.9419 FIT601=0.000128152 P601=1.0 P602=1.0 P603=1.0 NORMAL_SATTACK=Attack
37,DATASET=SWAT TIMESTAMP=28/12/2015_10:29:50_AM FIT101=2.609935 LIT101=834.4351 MV101=2.0 P101=1.0 P102=1.0 AIT201=262.625 AIT202=8.460524 AIT203=319.7898 FIT201=0.0 MV201=1.0 P201=1.0 P202=1.0 P203=1.0 P204=1.0 P205=1.0 P206=1.0 DPIT301=19.67476 FIT301=2.209909 LIT301=814.014 MV301=1.0 MV302=2.0 MV303=1.0 MV304=1.0 P301=1.0 P302=2.0 AIT401=148.808 AIT402=154.5245 FIT401=1.714798 LIT401=810.9075 P401=1.0 P402=2.0 P403=1.0 P404=1.0 UV401=2.0 AIT501=7.876058 AIT502=143.5529 AIT503=262.3686 AIT504=11.92002 FIT501=1.726993 FIT502=1.288587 FIT503=0.7384694 FIT504=0.3084265 P501=2.0 P502=1.0 PIT501=250.1762 PIT502=1.665972 PIT503=189.0541 FIT601=0.000128152 P601=1.0 P602=1.0 P603=1.0 NORMAL_SATTACK=Attack
38,DATASET=SWAT TIMESTAMP=28/12/2015_10:29:51_AM FIT101=2.603209 LIT101=834.9454 MV101=2.0 P101=1.0 P102=1.0 AIT201=262.625 AIT202=8.460524 AIT203=319.7898 FIT201=0.0 MV201=1.0 P201=1.0 P202=1.0 P203=1.0 P204=1.0 P205=1.0 P206=1.0 DPIT301=19.68756 FIT301=2.209013 LIT301=813.5735 MV301=1.0 MV302=2.0 MV303=1.0 MV304=1.0 P301=1.0 P302=2.0 AIT401=148.808 AIT402=154.5245 FIT401=1.714798 LIT401=810.9075 P401=1.0 P402=2.0 P403=1.0 P404=1.0 UV401=2.0 AIT501=7.876058 AIT502=143.5529 AIT503=262.3686 AIT504=11.92002 FIT501=1.726993 FIT502=1.302037 FIT503=0.7387255 FIT504=0.3084265 P501=2.0 P502=1.0 PIT501=250.1762 PIT502=1.665972 PIT503=189.0541 FIT601=0.000128152 P601=1.0 P602=1.0 P603=1.0 NORMAL_SATTACK=Attack
39,DATASET=SWAT TIMESTAMP=28/12/2015_10:29:52_AM FIT101=2.593281 LIT101=835.338 MV101=2.0 P101=1.0 P102=1.0 AIT201=262.625 AIT202=8.460524 AIT203=319.7898 FIT201=0.0 MV201=1.0 P201=1.0 P202=1.0 P203=1.0 P204=1.0 P205=1.0 P206=1.0 DPIT301=19.73878 FIT301=2.209013 LIT301=813.5735 MV301=1.0 MV302=2.0 MV303=1.0 MV304=1.0 P301=1.0 P302=2.0 AIT401=148.808 AIT402=154.5245 FIT401=1.714798 LIT401=811.0997 P401=1.0 P402=2.0 P403=1.0 P404=1.0 UV401=2.0 AIT501=7.876058 AIT502=143.5529 AIT503=262.3686 AIT504=12.15073 FIT501=1.726993 FIT502=1.302037 FIT503=0.7387255 FIT504=0.3084265 P501=2.0 P502=1.0 PIT501=250.1762 PIT502=1.665972 PIT503=189.0541 FIT601=0.000128152 P601=1.0 P602=1.0 P603=1.0 NORMAL_SATTACK=Attack
40,DATASET=SWAT TIMESTAMP=28/12/2015_10:29:53_AM FIT101=2.56926 LIT101=836.0052 MV101=2.0 P101=1.0 P102=1.0 AIT201=262.625 AIT202=8.460524 AIT203=319.7898 FIT201=0.0 MV201=1.0 P201=1.0 P202=1.0 P203=1.0 P204=1.0 P205=1.0 P206=1.0 DPIT301=19.73878 FIT301=2.209013 LIT301=812.9326 MV301=1.0 MV302=2.0 MV303=1.0 MV304=1.0 P301=1.0 P302=2.0 AIT401=148.808 AIT402=154.7039 FIT401=1.714798 LIT401=811.292 P401=1.0 P402=2.0 P403=1.0 P404=1.0 UV401=2.0 AIT501=7.876058 AIT502=143.5529 AIT503=262.3686 AIT504=12.15073 FIT501=1.726993 FIT502=1.302037 FIT503=0.7361649 FIT504=0.3084265 P501=2.0 P502=1.0 PIT501=250.1762 PIT502=1.665972 PIT503=189.0541 FIT601=0.000128152 P601=1.0 P602=1.0 P603=1.0 NORMAL_SATTACK=Attack
41,DATASET=SWAT TIMESTAMP=28/12/2015_10:29:54_AM FIT101=2.554527 LIT101=836.1622 MV101=2.0 P101=1.0 P102=1.0 AIT201=262.625 AIT202=8.460524 AIT203=319.8154 FIT201=0.0 MV201=1.0 P201=1.0 P202=1.0 P203=1.0 P204=1.0 P205=1.0 P206=1.0 DPIT301=19.73878 FIT301=2.209013 LIT301=812.452 MV301=1.0 MV302=2.0 MV303=1.0 MV304=1.0 P301=1.0 P302=2.0 AIT401=148.808 AIT402=154.7039 FIT401=1.71467 LIT401=810.8306 P401=1.0 P402=2.0 P403=1.0 P404=1.0 UV401=2.0 AIT501=7.876058 AIT502=143.5529 AIT503=262.3686 AIT504=12.15073 FIT501=1.726993 FIT502=1.302037 FIT503=0.7357808 FIT504=0.3084265 P501=2.0 P502=1.0 PIT501=250.1762 PIT502=1.665972 PIT503=189.0541 FIT601=0.000128152 P601=1.0 P602=1.0 P603=1.0 NORMAL_SATTACK=Attack
42,DATASET=SWAT TIMESTAMP=28/12/2015_10:29:55_AM FIT101=2.538833 LIT101=836.3585 MV101=2.0 P101=1.0 P102=1.0 AIT201=262.625 AIT202=8.460524 AIT203=319.8667 FIT201=0.0 MV201=1.0 P201=1.0 P202=1.0 P203=1.0 P204=1.0 P205=1.0 P206=1.0 DPIT301=19.73878 FIT301=2.209013 LIT301=812.0114 MV301=1.0 MV302=2.0 MV303=1.0 MV304=1.0 P301=1.0 P302=2.0 AIT401=148.808 AIT402=154.7039 FIT401=1.713261 LIT401=811.0997 P401=1.0 P402=2.0 P403=1.0 P404=1.0 UV401=2.0 AIT501=7.876058 AIT502=143.5529 AIT503=262.3686 AIT504=12.15073 FIT501=1.726993 FIT502=1.302037 FIT503=0.7351407 FIT504=0.3084265 P501=2.0 P502=1.0 PIT501=250.1762 PIT502=1.665972 PIT503=189.0541 FIT601=0.000128152 P601=1.0 P602=1.0 P603=1.0 NORMAL_SATTACK=Attack
43,DATASET=SWAT TIMESTAMP=28/12/2015_10:29:56_AM FIT101=2.524101 LIT101=836.3978 MV101=2.0 P101=1.0 P102=1.0 AIT201=262.625 AIT202=8.462767 AIT203=319.8667 FIT201=0.0 MV201=1.0 P201=1.0 P202=1.0 P203=1.0 P204=1.0 P205=1.0 P206=1.0 DPIT301=19.73878 FIT301=2.207731 LIT301=811.1302 MV301=1.0 MV302=2.0 MV303=1.0 MV304=1.0 P301=1.0 P302=2.0 AIT401=148.808 AIT402=154.5501 FIT401=1.713261 LIT401=810.7537 P401=1.0 P402=2.0 P403=1.0 P404=1.0 UV401=2.0 AIT501=7.876058 AIT502=143.5529 AIT503=262.3686 AIT504=12.15073 FIT501=1.726993 FIT502=1.302037 FIT503=0.7351407 FIT504=0.3084265 P501=2.0 P502=1.0 PIT501=250.1762 PIT502=1.665972 PIT503=188.974 FIT601=0.000128152 P601=1.0 P602=1.0 P603=1.0 NORMAL_SATTACK=Attack
44,DATASET=SWAT TIMESTAMP=28/12/2015_10:29:57_AM FIT101=2.506485 LIT101=836.3978 MV101=2.0 P101=1.0 P102=1.0 AIT201=262.625 AIT202=8.462767 AIT203=319.8667 FIT201=0.0 MV201=1.0 P201=1.0 P202=1.0 P203=1.0 P204=1.0 P205=1.0 P206=1.0 DPIT301=19.73878 FIT301=2.207731 LIT301=810.8498 MV301=1.0 MV302=2.0 MV303=1.0 MV304=1.0 P301=1.0 P302=2.0 AIT401=148.808 AIT402=154.5501 FIT401=1.713261 LIT401=810.7921 P401=1.0 P402=2.0 P403=1.0 P404=1.0 UV401=2.0 AIT501=7.876058 AIT502=143.3479 AIT503=262.3686 AIT504=12.15073 FIT501=1.726993 FIT502=1.293455 FIT503=0.7351407 FIT504=0.3084265 P501=2.0 P502=1.0 PIT501=250.1762 PIT502=1.665972 PIT503=188.974 FIT601=0.000128152 P601=1.0 P602=1.0 P603=1.0 NORMAL_SATTACK=Attack
45,DATASET=SWAT TIMESTAMP=28/12/2015_10:29:58_AM FIT101=2.493675 LIT101=836.7118 MV101=2.0 P101=1.0 P102=1.0 AIT201=262.625 AIT202=8.462767 AIT203=319.8667 FIT201=0.0 MV201=1.0 P201=1.0 P202=1.0 P203=1.0 P204=1.0 P205=1.0 P206=1.0 DPIT301=19.67155 FIT301=2.207731 LIT301=810.4092 MV301=1.0 MV302=2.0 MV303=1.0 MV304=1.0 P301=1.0 P302=2.0 AIT401=148.808 AIT402=154.5501 FIT401=1.71467 LIT401=810.5999 P401=1.0 P402=2.0 P403=1.0 P404=1.0 UV401=2.0 AIT501=7.876058 AIT502=143.3479 AIT503=262.3686 AIT504=12.15073 FIT501=1.726993 FIT502=1.292046 FIT503=0.7351407 FIT504=0.3084265 P501=2.0 P502=1.0 PIT501=250.1762 PIT502=1.665972 PIT503=188.974 FIT601=0.000128152 P601=1.0 P602=1.0 P603=1.0 NORMAL_SATTACK=Attack
46,DATASET=SWAT TIMESTAMP=28/12/2015_10:29:59_AM FIT101=2.477981 LIT101=837.2614 MV101=2.0 P101=1.0 P102=1.0 AIT201=262.625 AIT202=8.462767 AIT203=319.8667 FIT201=0.0 MV201=1.0 P201=1.0 P202=1.0 P203=1.0 P204=1.0 P205=1.0 P206=1.0 DPIT301=19.67155 FIT301=2.207731 LIT301=810.2089 MV301=1.0 MV302=2.0 MV303=1.0 MV304=1.0 P301=1.0 P302=2.0 AIT401=148.808 AIT402=154.5501 FIT401=1.716592 LIT401=810.9844 P401=1.0 P402=2.0 P403=1.0 P404=1.0 UV401=2.0 AIT501=7.874135 AIT502=143.3479 AIT503=262.3686 AIT504=12.15073 FIT501=1.726737 FIT502=1.290893 FIT503=0.7351407 FIT504=0.3084265 P501=2.0 P502=1.0 PIT501=250.1762 PIT502=1.665972 PIT503=188.974 FIT601=0.000128152 P601=1.0 P602=1.0 P603=1.0 NORMAL_SATTACK=Attack
47,DATASET=SWAT TIMESTAMP=28/12/2015_10:30:00_AM FIT101=2.462287 LIT101=837.6539 MV101=2.0 P101=1.0 P102=1.0 AIT201=262.625 AIT202=8.462767 AIT203=319.8667 FIT201=0.0 MV201=1.0 P201=1.0 P202=1.0 P203=1.0 P204=1.0 P205=1.0 P206=1.0 DPIT301=19.67155 FIT301=2.208372 LIT301=810.4493 MV301=1.0 MV302=2.0 MV303=1.0 MV304=1.0 P301=1.0 P302=2.0 AIT401=148.808 AIT402=154.5501 FIT401=1.717105 LIT401=810.7921 P401=1.0 P402=2.0 P403=1.0 P404=1.0 UV401=2.0 AIT501=7.872853 AIT502=143.3479 AIT503=262.3686 AIT504=12.15073 FIT501=1.726737 FIT502=1.282311 FIT503=0.7351407 FIT504=0.3084265 P501=2.0 P502=1.0 PIT501=250.1762 PIT502=1.665972 PIT503=188.974 FIT601=0.000128152 P601=1.0 P602=1.0 P603=1.0 NORMAL_SATTACK=Attack
48,DATASET=SWAT TIMESTAMP=28/12/2015_10:30:01_AM FIT101=2.447234 LIT101=838.2427 MV101=2.0 P101=1.0 P102=1.0 AIT201=262.625 AIT202=8.462767 AIT203=319.8667 FIT201=0.0 MV201=1.0 P201=1.0 P202=1.0 P203=1.0 P204=1.0 P205=1.0 P206=1.0 DPIT301=19.67155 FIT301=2.208884 LIT301=809.8484 MV301=1.0 MV302=2.0 MV303=1.0 MV304=1.0 P301=1.0 P302=2.0 AIT401=148.808 AIT402=154.5501 FIT401=1.717105 LIT401=810.3691 P401=1.0 P402=2.0 P403=1.0 P404=1.0 UV401=2.0 AIT501=7.872853 AIT502=143.3479 AIT503=262.3686 AIT504=12.15073 FIT501=1.726737 FIT502=1.288843 FIT503=0.7351407 FIT504=0.3084265 P501=2.0 P502=1.0 PIT501=250.1762 PIT502=1.665972 PIT503=189.1022 FIT601=0.000128152 P601=1.0 P602=1.0 P603=1.0 NORMAL_SATTACK=Attack
49,DATASET=SWAT TIMESTAMP=28/12/2015_10:30:02_AM FIT101=2.432181 LIT101=838.6744 MV101=2.0 P101=1.0 P102=1.0 AIT201=262.625 AIT202=8.463728 AIT203=319.8667 FIT201=0.0 MV201=1.0 P201=1.0 P202=1.0 P203=1.0 P204=1.0 P205=1.0 P206=1.0 DPIT301=19.67155 FIT301=2.208884 LIT301=809.6082 MV301=1.0 MV302=2.0 MV303=1.0 MV304=1.0 P301=1.0 P302=2.0 AIT401=148.808 AIT402=154.5501 FIT401=1.717105 LIT401=810.3307 P401=1.0 P402=2.0 P403=1.0 P404=1.0 UV401=2.0 AIT501=7.872853 AIT502=143.3479 AIT503=262.3686 AIT504=12.15073 FIT501=1.725583 FIT502=1.292046 FIT503=0.7351407 FIT504=0.3084265 P501=2.0 P502=1.0 PIT501=250.1762 PIT502=1.665972 PIT503=189.1022 FIT601=0.000128152 P601=1.0 P602=1.0 P603=1.0 NORMAL_SATTACK=Attack
50,DATASET=SWAT TIMESTAMP=28/12/2015_10:30:03_AM FIT101=2.428018 LIT101=839.3025 MV101=2.0 P101=1.0 P102=1.0 AIT201=262.625 AIT202=8.46533 AIT203=320.0461 FIT201=0.0 MV201=1.0 P201=1.0 P202=1.0 P203=1.0 P204=1.0 P205=1.0 P206=1.0 DPIT301=19.67155 FIT301=2.208884 LIT301=809.2476 MV301=1.0 MV302=2.0 MV303=1.0 MV304=1.0 P301=1.0 P302=2.0 AIT401=148.808 AIT402=154.5501 FIT401=1.717105 LIT401=810.2922 P401=1.0 P402=2.0 P403=1.0 P404=1.0 UV401=2.0 AIT501=7.872853 AIT502=143.3222 AIT503=262.3686 AIT504=12.15073 FIT501=1.724814 FIT502=1.286282 FIT503=0.7351407 FIT504=0.3084265 P501=2.0 P502=1.0 PIT501=250.1762 PIT502=1.665972 PIT503=189.1022 FIT601=0.000128152 P601=1.0 P602=1.0 P603=1.0 NORMAL_SATTACK=Attack
51,DATASET=SWAT TIMESTAMP=28/12/2015_10:30:04_AM FIT101=2.428018 LIT101=839.3025 MV101=2.0 P101=1.0 P102=1.0 AIT201=262.625 AIT202=8.46533 AIT203=320.0461 FIT201=0.0 MV201=1.0 P201=1.0 P202=1.0 P203=1.0 P204=1.0 P205=1.0 P206=1.0 DPIT301=19.73238 FIT301=2.208884 LIT301=808.5267 MV301=1.0 MV302=2.0 MV303=1.0 MV304=1.0 P301=1.0 P302=2.0 AIT401=148.808 AIT402=154.5501 FIT401=1.717105 LIT401=810.5614 P401=1.0 P402=2.0 P403=1.0 P404=1.0 UV401=2.0 AIT501=7.872853 AIT502=143.3222 AIT503=262.3686 AIT504=12.15073 FIT501=1.724814 FIT502=1.286282 FIT503=0.7351407 FIT504=0.3084265 P501=2.0 P502=1.0 PIT501=250.1762 PIT502=1.665972 PIT503=189.0861 FIT601=0.000128152 P601=1.0 P602=1.0 P603=1.0 NORMAL_SATTACK=Attack
52,DATASET=SWAT TIMESTAMP=28/12/2015_10:30:05_AM FIT101=2.444031 LIT101=839.695 MV101=2.0 P101=1.0 P102=1.0 AIT201=262.625 AIT202=8.46533 AIT203=320.0461 FIT201=0.0 MV201=1.0 P201=1.0 P202=1.0 P203=1.0 P204=1.0 P205=1.0 P206=1.0 DPIT301=19.73558 FIT301=2.208884 LIT301=808.5267 MV301=1.0 MV302=2.0 MV303=1.0 MV304=1.0 P301=1.0 P302=2.0 AIT401=148.808 AIT402=154.5501 FIT401=1.717105 LIT401=810.6383 P401=1.0 P402=2.0 P403=1.0 P404=1.0 UV401=2.0 AIT501=7.872853 AIT502=143.3222 AIT503=262.3686 AIT504=12.15073 FIT501=1.724814 FIT502=1.283592 FIT503=0.7351407 FIT504=0.3084265 P501=2.0 P502=1.0 PIT501=250.1762 PIT502=1.665972 PIT503=189.006 FIT601=0.000128152 P601=1.0 P602=1.0 P603=1.0 NORMAL_SATTACK=Attack
53,DATASET=SWAT TIMESTAMP=28/12/2015_10:30:06_AM FIT101=2.496237 LIT101=839.3025 MV101=2.0 P101=1.0 P102=1.0 AIT201=262.625 AIT202=8.46533 AIT203=320.0461 FIT201=0.0 MV201=1.0 P201=1.0 P202=1.0 P203=1.0 P204=1.0 P205=1.0 P206=1.0 DPIT301=19.75159 FIT301=2.208884 LIT301=808.3665 MV301=1.0 MV302=2.0 MV303=1.0 MV304=1.0 P301=1.0 P302=2.0 AIT401=148.808 AIT402=154.5501 FIT401=1.715824 LIT401=810.5999 P401=1.0 P402=2.0 P403=1.0 P404=1.0 UV401=2.0 AIT501=7.872853 AIT502=143.3222 AIT503=262.3686 AIT504=12.15073 FIT501=1.724814 FIT502=1.271423 FIT503=0.7351407 FIT504=0.3084265 P501=2.0 P502=1.0 PIT501=250.1762 PIT502=1.665972 PIT503=189.006 FIT601=0.000128152 P601=1.0 P602=1.0 P603=1.0 NORMAL_SATTACK=Attack
54,DATASET=SWAT TIMESTAMP=28/12/2015_10:30:07_AM FIT101=2.528264 LIT101=840.0483 MV101=2.0 P101=1.0 P102=1.0 AIT201=262.625 AIT202=8.46533 AIT203=320.0461 FIT201=0.0 MV201=1.0 P201=1.0 P202=1.0 P203=1.0 P204=1.0 P205=1.0 P206=1.0 DPIT301=19.70677 FIT301=2.208628 LIT301=807.1248 MV301=1.0 MV302=2.0 MV303=1.0 MV304=1.0 P301=1.0 P302=2.0 AIT401=148.808 AIT402=154.5501 FIT401=1.715567 LIT401=810.9844 P401=1.0 P402=2.0 P403=1.0 P404=1.0 UV401=2.0 AIT501=7.874455 AIT502=143.3222 AIT503=262.3686 AIT504=12.15073 FIT501=1.724814 FIT502=1.271295 FIT503=0.7351407 FIT504=0.3084265 P501=2.0 P502=1.0 PIT501=250.2563 PIT502=1.69801 PIT503=189.006 FIT601=0.000128152 P601=1.0 P602=1.0 P603=1.0 NORMAL_SATTACK=Attack
55,DATASET=SWAT TIMESTAMP=28/12/2015_10:30:08_AM FIT101=2.575345 LIT101=840.7941 MV101=2.0 P101=1.0 P102=1.0 AIT201=262.625 AIT202=8.46533 AIT203=320.0461 FIT201=0.0 MV201=1.0 P201=1.0 P202=1.0 P203=1.0 P204=1.0 P205=1.0 P206=1.0 DPIT301=19.66835 FIT301=2.207731 LIT301=806.564 MV301=1.0 MV302=2.0 MV303=1.0 MV304=1.0 P301=1.0 P302=2.0 AIT401=148.808 AIT402=154.5501 FIT401=1.715567 LIT401=810.7921 P401=1.0 P402=2.0 P403=1.0 P404=1.0 UV401=2.0 AIT501=7.874455 AIT502=143.3222 AIT503=262.3686 AIT504=12.15073 FIT501=1.726737 FIT502=1.271295 FIT503=0.7351407 FIT504=0.3075937 P501=2.0 P502=1.0 PIT501=250.4005 PIT502=1.69801 PIT503=189.2143 FIT601=0.000128152 P601=1.0 P602=1.0 P603=1.0 NORMAL_SATTACK=Attack
56,DATASET=SWAT TIMESTAMP=28/12/2015_10:30:09_AM FIT101=2.60481 LIT101=841.4221 MV101=2.0 P101=1.0 P102=1.0 AIT201=262.625 AIT202=8.46533 AIT203=320.0461 FIT201=0.0 MV201=1.0 P201=1.0 P202=1.0 P203=1.0 P204=1.0 P205=1.0 P206=1.0 DPIT301=19.66835 FIT301=2.207091 LIT301=805.6027 MV301=1.0 MV302=2.0 MV303=1.0 MV304=1.0 P301=1.0 P302=2.0 AIT401=148.808 AIT402=154.5501 FIT401=1.717105 LIT401=811.0997 P401=1.0 P402=2.0 P403=1.0 P404=1.0 UV401=2.0 AIT501=7.874455 AIT502=143.3222 AIT503=262.3686 AIT504=12.15073 FIT501=1.726737 FIT502=1.28372 FIT503=0.7351407 FIT504=0.306761 P501=2.0 P502=1.0 PIT501=250.4005 PIT502=1.69801 PIT503=189.2143 FIT601=0.000128152 P601=1.0 P602=1.0 P603=1.0 NORMAL_SATTACK=Attack
57,DATASET=SWAT TIMESTAMP=28/12/2015_10:30:10_AM FIT101=2.636198 LIT101=842.0502 MV101=2.0 P101=1.0 P102=1.0 AIT201=262.625 AIT202=8.46533 AIT203=320.0461 FIT201=0.0 MV201=1.0 P201=1.0 P202=1.0 P203=1.0 P204=1.0 P205=1.0 P206=1.0 DPIT301=19.66835 FIT301=2.20645 LIT301=805.082 MV301=1.0 MV302=2.0 MV303=1.0 MV304=1.0 P301=1.0 P302=2.0 AIT401=148.808 AIT402=154.5501 FIT401=1.717746 LIT401=811.0997 P401=1.0 P402=2.0 P403=1.0 P404=1.0 UV401=2.0 AIT501=7.874455 AIT502=143.3222 AIT503=262.3686 AIT504=12.15073 FIT501=1.728019 FIT502=1.292174 FIT503=0.7351407 FIT504=0.306761 P501=2.0 P502=1.0 PIT501=250.4005 PIT502=1.69801 PIT503=189.2143 FIT601=0.000128152 P601=1.0 P602=1.0 P603=1.0 NORMAL_SATTACK=Attack
58,DATASET=SWAT TIMESTAMP=28/12/2015_10:30:11_AM FIT101=2.65061 LIT101=842.6782 MV101=2.0 P101=1.0 P102=1.0 AIT201=262.625 AIT202=8.46533 AIT203=320.0461 FIT201=0.0 MV201=1.0 P201=1.0 P202=1.0 P203=1.0 P204=1.0 P205=1.0 P206=1.0 DPIT301=19.72277 FIT301=2.20645 LIT301=804.5613 MV301=1.0 MV302=2.0 MV303=1.0 MV304=1.0 P301=1.0 P302=2.0 AIT401=148.808 AIT402=154.5501 FIT401=1.717746 LIT401=811.4843 P401=1.0 P402=2.0 P403=1.0 P404=1.0 UV401=2.0 AIT501=7.874455 AIT502=143.3222 AIT503=262.3686 AIT504=12.15073 FIT501=1.728147 FIT502=1.292174 FIT503=0.7351407 FIT504=0.3081703 P501=2.0 P502=1.0 PIT501=250.4005 PIT502=1.69801 PIT503=189.2143 FIT601=0.000128152 P601=1.0 P602=1.0 P603=1.0 NORMAL_SATTACK=Attack
59,DATASET=SWAT TIMESTAMP=28/12/2015_10:30:12_AM FIT101=2.654133 LIT101=843.424 MV101=2.0 P101=1.0 P102=1.0 AIT201=262.625 AIT202=8.46533 AIT203=320.0461 FIT201=0.0 MV201=1.0 P201=1.0 P202=1.0 P203=1.0 P204=1.0 P205=1.0 P206=1.0 DPIT301=19.72277 FIT301=2.209909 LIT301=803.9205 MV301=1.0 MV302=2.0 MV303=1.0 MV304=1.0 P301=1.0 P302=2.0 AIT401=148.808 AIT402=154.5501 FIT401=1.717746 LIT401=811.4843 P401=1.0 P402=2.0 P403=1.0 P404=1.0 UV401=2.0 AIT501=7.874455 AIT502=143.3222 AIT503=262.3686 AIT504=12.07383 FIT501=1.728147 FIT502=1.292174 FIT503=0.7351407 FIT504=0.3084905 P501=2.0 P502=1.0 PIT501=250.4005 PIT502=1.69801 PIT503=189.2143 FIT601=0.000128152 P601=1.0 P602=1.0 P603=1.0 NORMAL_SATTACK=Attack
60,DATASET=SWAT TIMESTAMP=28/12/2015_10:30:13_AM FIT101=2.654133 LIT101=843.8558 MV101=2.0 P101=1.0 P102=1.0 AIT201=262.625 AIT202=8.46533 AIT203=320.0461 FIT201=0.0 MV201=1.0 P201=1.0 P202=1.0 P203=1.0 P204=1.0 P205=1.0 P206=1.0 DPIT301=19.72277 FIT301=2.209909 LIT301=804.1207 MV301=1.0 MV302=2.0 MV303=1.0 MV304=1.0 P301=1.0 P302=2.0 AIT401=148.808 AIT402=154.5501 FIT401=1.717746 LIT401=812.0995 P401=1.0 P402=2.0 P403=1.0 P404=1.0 UV401=2.0 AIT501=7.874455 AIT502=143.3222 AIT503=262.3686 AIT504=12.07383 FIT501=1.727506 FIT502=1.281158 FIT503=0.7351407 FIT504=0.3084905 P501=2.0 P502=1.0 PIT501=250.3365 PIT502=1.69801 PIT503=189.2143 FIT601=0.000128152 P601=1.0 P602=1.0 P603=1.0 NORMAL_SATTACK=Attack
61,DATASET=SWAT TIMESTAMP=28/12/2015_10:30:14_AM FIT101=2.628511 LIT101=844.7586 MV101=2.0 P101=1.0 P102=1.0 AIT201=262.625 AIT202=8.46533 AIT203=320.0461 FIT201=0.0 MV201=1.0 P201=1.0 P202=1.0 P203=1.0 P204=1.0 P205=1.0 P206=1.0 DPIT301=19.69396 FIT301=2.209909 LIT301=803.3998 MV301=1.0 MV302=2.0 MV303=1.0 MV304=1.0 P301=1.0 P302=2.0 AIT401=148.808 AIT402=154.5501 FIT401=1.717746 LIT401=812.3302 P401=1.0 P402=2.0 P403=1.0 P404=1.0 UV401=2.0 AIT501=7.874455 AIT502=143.3222 AIT503=262.3686 AIT504=11.84312 FIT501=1.726737 FIT502=1.280646 FIT503=0.7351407 FIT504=0.3084905 P501=2.0 P502=1.0 PIT501=250.2563 PIT502=1.69801 PIT503=189.022 FIT601=0.000128152 P601=1.0 P602=1.0 P603=1.0 NORMAL_SATTACK=Attack
62,DATASET=SWAT TIMESTAMP=28/12/2015_10:30:15_AM FIT101=2.620824 LIT101=844.9156 MV101=2.0 P101=1.0 P102=1.0 AIT201=262.625 AIT202=8.46533 AIT203=320.0461 FIT201=0.0 MV201=1.0 P201=1.0 P202=1.0 P203=1.0 P204=1.0 P205=1.0 P206=1.0 DPIT301=19.69396 FIT301=2.209909 LIT301=802.5987 MV301=1.0 MV302=2.0 MV303=1.0 MV304=1.0 P301=1.0 P302=2.0 AIT401=148.808 AIT402=154.5501 FIT401=1.717746 LIT401=812.7531 P401=1.0 P402=2.0 P403=1.0 P404=1.0 UV401=2.0 AIT501=7.874455 AIT502=143.3222 AIT503=262.3686 AIT504=11.84312 FIT501=1.726737 FIT502=1.280646 FIT503=0.7351407 FIT504=0.3084905 P501=2.0 P502=1.0 PIT501=250.1923 PIT502=1.69801 PIT503=189.022 FIT601=0.000128152 P601=1.0 P602=1.0 P603=1.0 NORMAL_SATTACK=Attack
63,DATASET=SWAT TIMESTAMP=28/12/2015_10:30:16_AM FIT101=2.606412 LIT101=845.5829 MV101=2.0 P101=1.0 P102=1.0 AIT201=262.625 AIT202=8.46533 AIT203=320.0461 FIT201=0.0 MV201=1.0 P201=1.0 P202=1.0 P203=1.0 P204=1.0 P205=1.0 P206=1.0 DPIT301=19.73878 FIT301=2.209909 LIT301=801.9578 MV301=1.0 MV302=2.0 MV303=1.0 MV304=1.0 P301=1.0 P302=2.0 AIT401=148.808 AIT402=154.5501 FIT401=1.717746 LIT401=813.0223 P401=1.0 P402=2.0 P403=1.0 P404=1.0 UV401=2.0 AIT501=7.874455 AIT502=143.3222 AIT503=262.3686 AIT504=12.15073 FIT501=1.725455 FIT502=1.281927 FIT503=0.7357808 FIT504=0.3084905 P501=2.0 P502=1.0 PIT501=250.1923 PIT502=1.69801 PIT503=189.022 FIT601=0.000128152 P601=1.0 P602=1.0 P603=1.0 NORMAL_SATTACK=Attack
64,DATASET=SWAT TIMESTAMP=28/12/2015_10:30:17_AM FIT101=2.593601 LIT101=846.0147 MV101=2.0 P101=1.0 P102=1.0 AIT201=262.625 AIT202=8.46533 AIT203=320.0461 FIT201=0.0 MV201=1.0 P201=1.0 P202=1.0 P203=1.0 P204=1.0 P205=1.0 P206=1.0 DPIT301=19.74838 FIT301=2.209909 LIT301=801.1968 MV301=1.0 MV302=2.0 MV303=1.0 MV304=1.0 P301=1.0 P302=2.0 AIT401=148.808 AIT402=154.5501 FIT401=1.717746 LIT401=813.7144 P401=1.0 P402=2.0 P403=1.0 P404=1.0 UV401=2.0 AIT501=7.874455 AIT502=143.3222 AIT503=262.3686 AIT504=12.15073 FIT501=1.725455 FIT502=1.282439 FIT503=0.7357808 FIT504=0.3084905 P501=2.0 P502=1.0 PIT501=250.1923 PIT502=1.69801 PIT503=189.022 FIT601=0.000128152 P601=1.0 P602=1.0 P603=1.0 NORMAL_SATTACK=Attack
65,DATASET=SWAT TIMESTAMP=28/12/2015_10:30:18_AM FIT101=2.5699 LIT101=846.682 MV101=2.0 P101=1.0 P102=1.0 AIT201=262.625 AIT202=8.46533 AIT203=320.0461 FIT201=0.0 MV201=1.0 P201=1.0 P202=1.0 P203=1.0 P204=1.0 P205=1.0 P206=1.0 DPIT301=19.74838 FIT301=2.209909 LIT301=800.8764 MV301=1.0 MV302=2.0 MV303=1.0 MV304=1.0 P301=1.0 P302=2.0 AIT401=148.808 AIT402=154.5501 FIT401=1.717746 LIT401=813.5222 P401=1.0 P402=2.0 P403=1.0 P404=1.0 UV401=2.0 AIT501=7.874455 AIT502=143.3222 AIT503=262.3686 AIT504=12.15073 FIT501=1.725455 FIT502=1.282439 FIT503=0.7378293 FIT504=0.3084905 P501=2.0 P502=1.0 PIT501=250.1923 PIT502=1.69801 PIT503=189.022 FIT601=0.000128152 P601=1.0 P602=1.0 P603=1.0 NORMAL_SATTACK=Attack
66,DATASET=SWAT TIMESTAMP=28/12/2015_10:30:19_AM FIT101=2.549723 LIT101=846.9568 MV101=2.0 P101=1.0 P102=1.0 AIT201=262.625 AIT202=8.46533 AIT203=320.0461 FIT201=0.0 MV201=1.0 P201=1.0 P202=1.0 P203=1.0 P204=1.0 P205=1.0 P206=1.0 DPIT301=19.73238 FIT301=2.209909 LIT301=800.5159 MV301=1.0 MV302=2.0 MV303=1.0 MV304=1.0 P301=1.0 P302=2.0 AIT401=148.808 AIT402=154.5501 FIT401=1.715439 LIT401=813.676 P401=1.0 P402=2.0 P403=1.0 P404=1.0 UV401=2.0 AIT501=7.874455 AIT502=143.3222 AIT503=262.3686 AIT504=12.15073 FIT501=1.725455 FIT502=1.279877 FIT503=0.7387255 FIT504=0.3084905 P501=2.0 P502=1.0 PIT501=250.1923 PIT502=1.69801 PIT503=189.022 FIT601=0.000128152 P601=1.0 P602=1.0 P603=1.0 NORMAL_SATTACK=Attack
67,DATASET=SWAT TIMESTAMP=28/12/2015_10:30:20_AM FIT101=2.528264 LIT101=847.7418 MV101=2.0 P101=1.0 P102=1.0 AIT201=262.625 AIT202=8.46533 AIT203=320.0461 FIT201=0.0 MV201=1.0 P201=1.0 P202=1.0 P203=1.0 P204=1.0 P205=1.0 P206=1.0 DPIT301=19.68756 FIT301=2.208116 LIT301=800.1154 MV301=1.0 MV302=2.0 MV303=1.0 MV304=1.0 P301=1.0 P302=2.0 AIT401=148.808 AIT402=154.5501 FIT401=1.713901 LIT401=814.2912 P401=1.0 P402=2.0 P403=1.0 P404=1.0 UV401=2.0 AIT501=7.874455 AIT502=143.3222 AIT503=262.3686 AIT504=12.15073 FIT501=1.725455 FIT502=1.263994 FIT503=0.7357808 FIT504=0.3084905 P501=2.0 P502=1.0 PIT501=250.0801 PIT502=1.69801 PIT503=189.022 FIT601=0.000128152 P601=1.0 P602=1.0 P603=1.0 NORMAL_SATTACK=Attack
68,DATASET=SWAT TIMESTAMP=28/12/2015_10:30:21_AM FIT101=2.516414 LIT101=848.1343 MV101=2.0 P101=1.0 P102=1.0 AIT201=262.625 AIT202=8.46533 AIT203=320.0461 FIT201=0.0 MV201=1.0 P201=1.0 P202=1.0 P203=1.0 P204=1.0 P205=1.0 P206=1.0 DPIT301=19.68756 FIT301=2.208116 LIT301=799.7549 MV301=1.0 MV302=2.0 MV303=1.0 MV304=1.0 P301=1.0 P302=2.0 AIT401=148.808 AIT402=154.5501 FIT401=1.713645 LIT401=814.445 P401=1.0 P402=2.0 P403=1.0 P404=1.0 UV401=2.0 AIT501=7.874455 AIT502=143.3222 AIT503=262.3686 AIT504=12.15073 FIT501=1.724942 FIT502=1.261432 FIT503=0.7352687 FIT504=0.3084905 P501=2.0 P502=1.0 PIT501=249.9519 PIT502=1.69801 PIT503=189.022 FIT601=0.000128152 P601=1.0 P602=1.0 P603=1.0 NORMAL_SATTACK=Attack
69,DATASET=SWAT TIMESTAMP=28/12/2015_10:30:22_AM FIT101=2.496877 LIT101=848.6839 MV101=2.0 P101=1.0 P102=1.0 AIT201=262.625 AIT202=8.46533 AIT203=320.0461 FIT201=0.0 MV201=0.0 P201=1.0 P202=1.0 P203=1.0 P204=1.0 P205=1.0 P206=1.0 DPIT301=19.72598 FIT301=2.208116 LIT301=799.3143 MV301=1.0 MV302=2.0 MV303=1.0 MV304=1.0 P301=1.0 P302=2.0 AIT401=148.808 AIT402=154.5501 FIT401=1.712363 LIT401=814.8295 P401=1.0 P402=2.0 P403=1.0 P404=1.0 UV401=2.0 AIT501=7.874455 AIT502=143.3222 AIT503=262.3686 AIT504=12.15073 FIT501=1.724045 FIT502=1.261432 FIT503=0.7348846 FIT504=0.3084905 P501=2.0 P502=1.0 PIT501=249.9519 PIT502=1.69801 PIT503=189.022 FIT601=0.000128152 P601=1.0 P602=1.0 P603=1.0 NORMAL_SATTACK=Attack
70,DATASET=SWAT TIMESTAMP=28/12/2015_10:30:23_AM FIT101=2.481504 LIT101=849.5082 MV101=2.0 P101=1.0 P102=1.0 AIT201=262.625 AIT202=8.46533 AIT203=320.0461 FIT201=0.0 MV201=0.0 P201=1.0 P202=1.0 P203=1.0 P204=1.0 P205=1.0 P206=1.0 DPIT301=19.75159 FIT301=2.209653 LIT301=799.1541 MV301=1.0 MV302=2.0 MV303=1.0 MV304=1.0 P301=1.0 P302=2.0 AIT401=148.808 AIT402=154.5501 FIT401=1.712363 LIT401=814.8295 P401=1.0 P402=2.0 P403=1.0 P404=1.0 UV401=2.0 AIT501=7.874455 AIT502=143.3222 AIT503=262.3686 AIT504=12.15073 FIT501=1.723532 FIT502=1.261432 FIT503=0.7355248 FIT504=0.3084905 P501=2.0 P502=1.0 PIT501=249.9519 PIT502=1.69801 PIT503=188.9259 FIT601=0.000128152 P601=1.0 P602=1.0 P603=1.0 NORMAL_SATTACK=Attack
71,DATASET=SWAT TIMESTAMP=28/12/2015_10:30:24_AM FIT101=2.461006 LIT101=849.8222 MV101=2.0 P101=1.0 P102=1.0 AIT201=262.625 AIT202=8.46533 AIT203=320.2 FIT201=0.0 MV201=0.0 P201=1.0 P202=1.0 P203=1.0 P204=1.0 P205=1.0 P206=1.0 DPIT301=19.75159 FIT301=2.209653 LIT301=798.9138 MV301=1.0 MV302=2.0 MV303=1.0 MV304=1.0 P301=1.0 P302=2.0 AIT401=148.808 AIT402=154.5501 FIT401=1.712363 LIT401=815.3294 P401=1.0 P402=2.0 P403=1.0 P404=1.0 UV401=2.0 AIT501=7.874455 AIT502=143.3222 AIT503=262.3686 AIT504=12.15073 FIT501=1.723532 FIT502=1.272192 FIT503=0.7377012 FIT504=0.3084905 P501=2.0 P502=1.0 PIT501=249.9519 PIT502=1.69801 PIT503=188.9259 FIT601=0.000128152 P601=1.0 P602=1.0 P603=1.0 NORMAL_SATTACK=Attack
72,DATASET=SWAT TIMESTAMP=28/12/2015_10:30:25_AM FIT101=2.449156 LIT101=850.8035 MV101=2.0 P101=1.0 P102=1.0 AIT201=262.625 AIT202=8.46533 AIT203=320.2 FIT201=0.0 MV201=0.0 P201=1.0 P202=1.0 P203=1.0 P204=1.0 P205=1.0 P206=1.0 DPIT301=19.75159 FIT301=2.209653 LIT301=798.5933 MV301=1.0 MV302=2.0 MV303=1.0 MV304=1.0 P301=1.0 P302=2.0 AIT401=148.808 AIT402=154.5501 FIT401=1.712363 LIT401=815.5217 P401=1.0 P402=2.0 P403=1.0 P404=1.0 UV401=2.0 AIT501=7.874455 AIT502=143.3222 AIT503=262.3686 AIT504=12.15073 FIT501=1.723532 FIT502=1.272192 FIT503=0.7377012 FIT504=0.3084905 P501=2.0 P502=1.0 PIT501=249.9519 PIT502=1.69801 PIT503=188.9259 FIT601=0.000128152 P601=1.0 P602=1.0 P603=1.0 NORMAL_SATTACK=Attack
73,DATASET=SWAT TIMESTAMP=28/12/2015_10:30:26_AM FIT101=2.433462 LIT101=851.0391 MV101=2.0 P101=1.0 P102=1.0 AIT201=262.625 AIT202=8.46533 AIT203=320.2 FIT201=0.0 MV201=0.0 P201=1.0 P202=1.0 P203=1.0 P204=1.0 P205=1.0 P206=1.0 DPIT301=19.7996 FIT301=2.209653 LIT301=798.353 MV301=1.0 MV302=2.0 MV303=1.0 MV304=1.0 P301=1.0 P302=2.0 AIT401=148.808 AIT402=154.5501 FIT401=1.712363 LIT401=815.5986 P401=1.0 P402=2.0 P403=1.0 P404=1.0 UV401=2.0 AIT501=7.874455 AIT502=143.3222 AIT503=262.3686 AIT504=12.15073 FIT501=1.723532 FIT502=1.272192 FIT503=0.7348846 FIT504=0.3084905 P501=2.0 P502=1.0 PIT501=249.9519 PIT502=1.585878 PIT503=188.9259 FIT601=0.000128152 P601=1.0 P602=1.0 P603=1.0 NORMAL_SATTACK=Attack
74,DATASET=SWAT TIMESTAMP=28/12/2015_10:30:27_AM FIT101=2.433462 LIT101=851.0391 MV101=2.0 P101=1.0 P102=1.0 AIT201=262.625 AIT202=8.46533 AIT203=320.2 FIT201=0.0 MV201=0.0 P201=1.0 P202=1.0 P203=1.0 P204=1.0 P205=1.0 P206=1.0 DPIT301=19.7996 FIT301=2.209653 LIT301=798.353 MV301=1.0 MV302=2.0 MV303=1.0 MV304=1.0 P301=1.0 P302=2.0 AIT401=148.808 AIT402=154.5501 FIT401=1.712363 LIT401=815.5986 P401=1.0 P402=2.0 P403=1.0 P404=1.0 UV401=2.0 AIT501=7.874455 AIT502=143.3222 AIT503=262.3686 AIT504=12.15073 FIT501=1.723532 FIT502=1.272192 FIT503=0.7348846 FIT504=0.3084905 P501=2.0 P502=1.0 PIT501=249.9519 PIT502=1.585878 PIT503=188.9259 FIT601=0.000128152 P601=1.0 P602=1.0 P603=1.0 NORMAL_SATTACK=Attack
75,DATASET=SWAT TIMESTAMP=28/12/2015_10:30:28_AM FIT101=2.427057 LIT101=851.5101 MV101=2.0 P101=1.0 P102=1.0 AIT201=262.625 AIT202=8.46533 AIT203=320.2 FIT201=0.0 MV201=0.0 P201=1.0 P202=1.0 P203=1.0 P204=1.0 P205=1.0 P206=1.0 DPIT301=19.7996 FIT301=2.209653 LIT301=797.7522 MV301=1.0 MV302=2.0 MV303=1.0 MV304=1.0 P301=1.0 P302=2.0 AIT401=148.808 AIT402=154.5501 FIT401=1.712363 LIT401=815.7908 P401=1.0 P402=2.0 P403=1.0 P404=1.0 UV401=2.0 AIT501=7.874455 AIT502=143.3222 AIT503=262.3686 AIT504=12.15073 FIT501=1.723532 FIT502=1.266428 FIT503=0.7348846 FIT504=0.3084905 P501=2.0 P502=1.0 PIT501=250.0 PIT502=1.585878 PIT503=188.9259 FIT601=0.000128152 P601=1.0 P602=1.0 P603=1.0 NORMAL_SATTACK=Attack
76,DATASET=SWAT TIMESTAMP=28/12/2015_10:30:29_AM FIT101=2.427057 LIT101=851.9811 MV101=2.0 P101=1.0 P102=1.0 AIT201=262.625 AIT202=8.46533 AIT203=320.2 FIT201=0.0 MV201=0.0 P201=1.0 P202=1.0 P203=1.0 P204=1.0 P205=1.0 P206=1.0 DPIT301=19.73238 FIT301=2.209653 LIT301=797.4718 MV301=1.0 MV302=2.0 MV303=1.0 MV304=1.0 P301=1.0 P302=2.0 AIT401=148.808 AIT402=154.5501 FIT401=1.712363 LIT401=816.1754 P401=1.0 P402=2.0 P403=1.0 P404=1.0 UV401=2.0 AIT501=7.874455 AIT502=143.3222 AIT503=262.3686 AIT504=12.15073 FIT501=1.723532 FIT502=1.261944 FIT503=0.7348846 FIT504=0.3084905 P501=2.0 P502=1.0 PIT501=250.0 PIT502=1.585878 PIT503=188.9259 FIT601=0.000128152 P601=1.0 P602=1.0 P603=1.0 NORMAL_SATTACK=Attack
77,DATASET=SWAT TIMESTAMP=28/12/2015_10:30:30_AM FIT101=2.438267 LIT101=852.7662 MV101=2.0 P101=1.0 P102=1.0 AIT201=262.625 AIT202=8.46533 AIT203=319.9949 FIT201=0.0 MV201=0.0 P201=1.0 P202=1.0 P203=1.0 P204=1.0 P205=1.0 P206=1.0 DPIT301=19.70997 FIT301=2.207731 LIT301=797.2715 MV301=1.0 MV302=2.0 MV303=1.0 MV304=1.0 P301=1.0 P302=2.0 AIT401=148.808 AIT402=154.5501 FIT401=1.712363 LIT401=816.3292 P401=1.0 P402=2.0 P403=1.0 P404=1.0 UV401=2.0 AIT501=7.874455 AIT502=143.3222 AIT503=262.3686 AIT504=12.15073 FIT501=1.723532 FIT502=1.261432 FIT503=0.7348846 FIT504=0.3084905 P501=2.0 P502=1.0 PIT501=250.0 PIT502=1.649953 PIT503=188.8138 FIT601=0.000128152 P601=1.0 P602=1.0 P603=1.0 NORMAL_SATTACK=Attack
78,DATASET=SWAT TIMESTAMP=28/12/2015_10:30:31_AM FIT101=2.480223 LIT101=853.0802 MV101=2.0 P101=2.0 P102=1.0 AIT201=262.625 AIT202=8.46533 AIT203=319.9949 FIT201=0.0 MV201=2.0 P201=1.0 P202=1.0 P203=1.0 P204=1.0 P205=1.0 P206=1.0 DPIT301=19.70037 FIT301=2.206835 LIT301=796.9911 MV301=1.0 MV302=2.0 MV303=1.0 MV304=1.0 P301=1.0 P302=2.0 AIT401=148.808 AIT402=154.5501 FIT401=1.712876 LIT401=816.3676 P401=1.0 P402=2.0 P403=1.0 P404=1.0 UV401=2.0 AIT501=7.874455 AIT502=143.3222 AIT503=262.3686 AIT504=12.15073 FIT501=1.723532 FIT502=1.261432 FIT503=0.7348846 FIT504=0.3084905 P501=2.0 P502=1.0 PIT501=250.0 PIT502=1.649953 PIT503=188.8138 FIT601=0.000128152 P601=1.0 P602=1.0 P603=1.0 NORMAL_SATTACK=Attack
79,DATASET=SWAT TIMESTAMP=28/12/2015_10:30:32_AM FIT101=2.524101 LIT101=854.3363 MV101=2.0 P101=2.0 P102=1.0 AIT201=262.625 AIT202=8.46533 AIT203=319.9949 FIT201=0.0 MV201=2.0 P201=1.0 P202=1.0 P203=1.0 P204=1.0 P205=1.0 P206=1.0 DPIT301=19.70037 FIT301=2.206835 LIT301=796.7909 MV301=1.0 MV302=2.0 MV303=1.0 MV304=1.0 P301=1.0 P302=2.0 AIT401=148.808 AIT402=154.5501 FIT401=1.713004 LIT401=816.3292 P401=1.0 P402=2.0 P403=1.0 P404=1.0 UV401=2.0 AIT501=7.874455 AIT502=143.3735 AIT503=262.3686 AIT504=12.15073 FIT501=1.723532 FIT502=1.270783 FIT503=0.7348846 FIT504=0.3084905 P501=2.0 P502=1.0 PIT501=250.0 PIT502=1.649953 PIT503=188.8138 FIT601=0.000128152 P601=1.0 P602=1.0 P603=1.0 NORMAL_SATTACK=Attack
80,DATASET=SWAT TIMESTAMP=28/12/2015_10:30:33_AM FIT101=2.563174 LIT101=855.0036 MV101=2.0 P101=2.0 P102=1.0 AIT201=262.625 AIT202=8.46533 AIT203=319.9949 FIT201=0.02037613 MV201=2.0 P201=1.0 P202=1.0 P203=1.0 P204=1.0 P205=1.0 P206=1.0 DPIT301=19.70037 FIT301=2.206835 LIT301=796.3904 MV301=1.0 MV302=2.0 MV303=1.0 MV304=1.0 P301=1.0 P302=2.0 AIT401=148.808 AIT402=154.4219 FIT401=1.713004 LIT401=816.3292 P401=1.0 P402=2.0 P403=1.0 P404=1.0 UV401=2.0 AIT501=7.874455 AIT502=143.3735 AIT503=262.3686 AIT504=12.15073 FIT501=1.723532 FIT502=1.286153 FIT503=0.7355248 FIT504=0.3084905 P501=2.0 P502=1.0 PIT501=250.0 PIT502=1.649953 PIT503=188.8138 FIT601=0.000128152 P601=1.0 P602=1.0 P603=1.0 NORMAL_SATTACK=Attack
81,DATASET=SWAT TIMESTAMP=28/12/2015_10:30:34_AM FIT101=2.60417 LIT101=855.5531 MV101=2.0 P101=2.0 P102=1.0 AIT201=262.625 AIT202=8.46533 AIT203=319.9949 FIT201=0.1724922 MV201=2.0 P201=1.0 P202=1.0 P203=1.0 P204=1.0 P205=1.0 P206=1.0 DPIT301=19.70037 FIT301=2.206835 LIT301=795.7095 MV301=1.0 MV302=2.0 MV303=1.0 MV304=1.0 P301=1.0 P302=2.0 AIT401=148.808 AIT402=154.4219 FIT401=1.713004 LIT401=816.5214 P401=1.0 P402=2.0 P403=1.0 P404=1.0 UV401=2.0 AIT501=7.874455 AIT502=143.3735 AIT503=262.3686 AIT504=12.15073 FIT501=1.723532 FIT502=1.289228 FIT503=0.7355248 FIT504=0.3084905 P501=2.0 P502=1.0 PIT501=250.0 PIT502=1.649953 PIT503=188.8138 FIT601=0.000128152 P601=1.0 P602=1.0 P603=1.0 NORMAL_SATTACK=Attack
82,DATASET=SWAT TIMESTAMP=28/12/2015_10:30:35_AM FIT101=2.628511 LIT101=855.8279 MV101=2.0 P101=2.0 P102=1.0 AIT201=262.625 AIT202=8.46533 AIT203=319.9949 FIT201=0.4093166 MV201=2.0 P201=1.0 P202=1.0 P203=1.0 P204=1.0 P205=1.0 P206=1.0 DPIT301=19.70037 FIT301=2.206835 LIT301=795.1888 MV301=1.0 MV302=2.0 MV303=1.0 MV304=1.0 P301=1.0 P302=2.0 AIT401=148.808 AIT402=154.4219 FIT401=1.713004 LIT401=816.4061 P401=1.0 P402=2.0 P403=1.0 P404=1.0 UV401=2.0 AIT501=7.874135 AIT502=143.3735 AIT503=262.3686 AIT504=12.15073 FIT501=1.724686 FIT502=1.282311 FIT503=0.7355248 FIT504=0.3084905 P501=2.0 P502=1.0 PIT501=250.0 PIT502=1.826162 PIT503=188.8138 FIT601=0.000128152 P601=1.0 P602=1.0 P603=1.0 NORMAL_SATTACK=Attack
83,DATASET=SWAT TIMESTAMP=28/12/2015_10:30:36_AM FIT101=2.654774 LIT101=856.77 MV101=2.0 P101=2.0 P102=1.0 AIT201=263.9067 AIT202=8.46533 AIT203=320.2 FIT201=0.7616057 MV201=2.0 P201=1.0 P202=1.0 P203=1.0 P204=1.0 P205=1.0 P206=1.0 DPIT301=19.70037 FIT301=2.210037 LIT301=794.3076 MV301=1.0 MV302=2.0 MV303=1.0 MV304=1.0 P301=1.0 P302=2.0 AIT401=148.808 AIT402=154.3707 FIT401=1.714926 LIT401=816.2907 P401=1.0 P402=2.0 P403=1.0 P404=1.0 UV401=2.0 AIT501=7.874135 AIT502=143.7324 AIT503=262.3686 AIT504=11.88157 FIT501=1.724686 FIT502=1.281158 FIT503=0.7355248 FIT504=0.3084905 P501=2.0 P502=1.0 PIT501=249.8238 PIT502=1.826162 PIT503=188.7657 FIT601=0.000128152 P601=1.0 P602=1.0 P603=1.0 NORMAL_SATTACK=Attack
84,DATASET=SWAT TIMESTAMP=28/12/2015_10:30:37_AM FIT101=2.660859 LIT101=857.1232 MV101=2.0 P101=2.0 P102=1.0 AIT201=264.4194 AIT202=8.46533 AIT203=320.7639 FIT201=1.252683 MV201=2.0 P201=1.0 P202=1.0 P203=1.0 P204=1.0 P205=1.0 P206=1.0 DPIT301=19.70997 FIT301=2.210037 LIT301=793.7068 MV301=1.0 MV302=2.0 MV303=1.0 MV304=1.0 P301=1.0 P302=2.0 AIT401=148.808 AIT402=154.3707 FIT401=1.714542 LIT401=815.9062 P401=1.0 P402=2.0 P403=1.0 P404=1.0 UV401=2.0 AIT501=7.874135 AIT502=143.7324 AIT503=262.3686 AIT504=11.88157 FIT501=1.724686 FIT502=1.281158 FIT503=0.7355248 FIT504=0.3084905 P501=2.0 P502=1.0 PIT501=249.7597 PIT502=1.826162 PIT503=188.6055 FIT601=0.000128152 P601=1.0 P602=1.0 P603=1.0 NORMAL_SATTACK=Attack
85,DATASET=SWAT TIMESTAMP=28/12/2015_10:30:38_AM FIT101=2.652532 LIT101=857.6728 MV101=2.0 P101=2.0 P102=1.0 AIT201=264.4194 AIT202=8.46533 AIT203=320.969 FIT201=1.414539 MV201=2.0 P201=1.0 P202=1.0 P203=1.0 P204=1.0 P205=1.0 P206=1.0 DPIT301=19.70997 FIT301=2.210037 LIT301=793.5065 MV301=1.0 MV302=2.0 MV303=1.0 MV304=1.0 P301=1.0 P302=2.0 AIT401=148.808 AIT402=154.3707 FIT401=1.713389 LIT401=815.5601 P401=1.0 P402=2.0 P403=1.0 P404=1.0 UV401=2.0 AIT501=7.874135 AIT502=143.4504 AIT503=262.3686 AIT504=11.88157 FIT501=1.724686 FIT502=1.281158 FIT503=0.7355248 FIT504=0.3084905 P501=2.0 P502=1.0 PIT501=249.7597 PIT502=1.778105 PIT503=188.6055 FIT601=0.000128152 P601=1.0 P602=1.0 P603=1.0 NORMAL_SATTACK=Attack
86,DATASET=SWAT TIMESTAMP=28/12/2015_10:30:39_AM FIT101=2.641322 LIT101=857.9475 MV101=2.0 P101=2.0 P102=1.0 AIT201=264.4194 AIT202=8.464048 AIT203=321.6098 FIT201=1.852177 MV201=2.0 P201=1.0 P202=1.0 P203=1.0 P204=1.0 P205=1.0 P206=1.0 DPIT301=19.70997 FIT301=2.209013 LIT301=793.3062 MV301=1.0 MV302=2.0 MV303=1.0 MV304=1.0 P301=1.0 P302=2.0 AIT401=148.808 AIT402=154.3707 FIT401=1.711466 LIT401=815.9831 P401=1.0 P402=2.0 P403=1.0 P404=1.0 UV401=2.0 AIT501=7.874135 AIT502=143.4504 AIT503=262.3686 AIT504=11.88157 FIT501=1.724045 FIT502=1.285129 FIT503=0.7355248 FIT504=0.3084905 P501=2.0 P502=1.0 PIT501=249.6315 PIT502=1.778105 PIT503=188.6055 FIT601=0.000128152 P601=1.0 P602=1.0 P603=1.0 NORMAL_SATTACK=Attack
87,DATASET=SWAT TIMESTAMP=28/12/2015_10:30:40_AM FIT101=2.625949 LIT101=858.3793 MV101=2.0 P101=2.0 P102=1.0 AIT201=264.4194 AIT202=8.460203 AIT203=322.3532 FIT201=2.185115 MV201=2.0 P201=1.0 P202=1.0 P203=2.0 P204=1.0 P205=2.0 P206=1.0 DPIT301=19.64594 FIT301=2.207347 LIT301=792.7855 MV301=1.0 MV302=2.0 MV303=1.0 MV304=1.0 P301=1.0 P302=2.0 AIT401=148.808 AIT402=154.3707 FIT401=1.711466 LIT401=815.8293 P401=1.0 P402=2.0 P403=1.0 P404=1.0 UV401=2.0 AIT501=7.874135 AIT502=143.4504 AIT503=262.3686 AIT504=11.88157 FIT501=1.722123 FIT502=1.296913 FIT503=0.7355248 FIT504=0.3084905 P501=2.0 P502=1.0 PIT501=249.6315 PIT502=1.778105 PIT503=188.6055 FIT601=0.000128152 P601=1.0 P602=1.0 P603=1.0 NORMAL_SATTACK=Attack
88,DATASET=SWAT TIMESTAMP=28/12/2015_10:30:41_AM FIT101=2.621145 LIT101=858.6934 MV101=2.0 P101=2.0 P102=1.0 AIT201=264.4194 AIT202=8.458601 AIT203=323.1223 FIT201=2.298401 MV201=2.0 P201=1.0 P202=1.0 P203=2.0 P204=1.0 P205=2.0 P206=1.0 DPIT301=19.64594 FIT301=2.206963 LIT301=792.0646 MV301=1.0 MV302=2.0 MV303=1.0 MV304=1.0 P301=1.0 P302=2.0 AIT401=148.808 AIT402=154.3707 FIT401=1.713004 LIT401=815.7139 P401=1.0 P402=2.0 P403=1.0 P404=1.0 UV401=2.0 AIT501=7.874135 AIT502=143.4504 AIT503=262.3686 AIT504=11.88157 FIT501=1.722123 FIT502=1.30178 FIT503=0.7355248 FIT504=0.3084905 P501=2.0 P502=1.0 PIT501=249.7917 PIT502=1.69801 PIT503=188.6055 FIT601=0.000128152 P601=1.0 P602=1.0 P603=1.0 NORMAL_SATTACK=Attack
89,DATASET=SWAT TIMESTAMP=28/12/2015_10:30:42_AM FIT101=2.609615 LIT101=858.8896 MV101=2.0 P101=2.0 P102=1.0 AIT201=264.4194 AIT202=8.451231 AIT203=324.3271 FIT201=2.373242 MV201=2.0 P201=1.0 P202=1.0 P203=2.0 P204=1.0 P205=2.0 P206=1.0 DPIT301=19.69076 FIT301=2.206963 LIT301=791.4637 MV301=1.0 MV302=2.0 MV303=1.0 MV304=1.0 P301=1.0 P302=2.0 AIT401=148.808 AIT402=154.3707 FIT401=1.714798 LIT401=815.4063 P401=1.0 P402=2.0 P403=1.0 P404=1.0 UV401=2.0 AIT501=7.874135 AIT502=143.4504 AIT503=262.3686 AIT504=11.92002 FIT501=1.722123 FIT502=1.30178 FIT503=0.7355248 FIT504=0.3084905 P501=2.0 P502=1.0 PIT501=249.9519 PIT502=1.69801 PIT503=188.7657 FIT601=0.000128152 P601=1.0 P602=1.0 P603=1.0 NORMAL_SATTACK=Attack
90,DATASET=SWAT TIMESTAMP=28/12/2015_10:30:43_AM FIT101=2.590398 LIT101=858.8503 MV101=2.0 P101=2.0 P102=1.0 AIT201=265.0282 AIT202=8.449949 AIT203=325.455 FIT201=2.418736 MV201=2.0 P201=1.0 P202=1.0 P203=2.0 P204=1.0 P205=2.0 P206=1.0 DPIT301=19.69076 FIT301=2.205426 LIT301=790.7828 MV301=1.0 MV302=2.0 MV303=1.0 MV304=1.0 P301=1.0 P302=2.0 AIT401=148.808 AIT402=154.3707 FIT401=1.714798 LIT401=815.4448 P401=1.0 P402=2.0 P403=1.0 P404=1.0 UV401=2.0 AIT501=7.874135 AIT502=143.5529 AIT503=262.3686 AIT504=11.92002 FIT501=1.723148 FIT502=1.294479 FIT503=0.7355248 FIT504=0.3084905 P501=2.0 P502=1.0 PIT501=249.9519 PIT502=1.69801 PIT503=188.9419 FIT601=0.000128152 P601=1.0 P602=1.0 P603=1.0 NORMAL_SATTACK=Attack
91,DATASET=SWAT TIMESTAMP=28/12/2015_10:30:44_AM FIT101=2.572142 LIT101=858.8896 MV101=2.0 P101=2.0 P102=1.0 AIT201=265.1884 AIT202=8.443541 AIT203=326.5829 FIT201=2.441034 MV201=2.0 P201=1.0 P202=1.0 P203=2.0 P204=1.0 P205=2.0 P206=1.0 DPIT301=19.69076 FIT301=2.207091 LIT301=790.5024 MV301=1.0 MV302=2.0 MV303=1.0 MV304=1.0 P301=1.0 P302=2.0 AIT401=148.808 AIT402=154.3707 FIT401=1.714798 LIT401=815.5217 P401=1.0 P402=2.0 P403=1.0 P404=1.0 UV401=2.0 AIT501=7.874135 AIT502=143.5529 AIT503=262.3686 AIT504=11.92002 FIT501=1.724045 FIT502=1.274497 FIT503=0.7355248 FIT504=0.3084905 P501=2.0 P502=1.0 PIT501=249.9519 PIT502=1.69801 PIT503=188.9419 FIT601=0.000128152 P601=1.0 P602=1.0 P603=1.0 NORMAL_SATTACK=Attack
92,DATASET=SWAT TIMESTAMP=28/12/2015_10:30:45_AM FIT101=2.559651 LIT101=859.1644 MV101=2.0 P101=2.0 P102=1.0 AIT201=265.1884 AIT202=8.439375 AIT203=327.7365 FIT201=2.462179 MV201=2.0 P201=1.0 P202=1.0 P203=2.0 P204=1.0 P205=2.0 P206=1.0 DPIT301=19.65555 FIT301=2.208372 LIT301=790.2621 MV301=1.0 MV302=2.0 MV303=1.0 MV304=1.0 P301=1.0 P302=2.0 AIT401=148.808 AIT402=154.3707 FIT401=1.714798 LIT401=815.1371 P401=1.0 P402=2.0 P403=1.0 P404=1.0 UV401=2.0 AIT501=7.874135 AIT502=143.5529 AIT503=262.3686 AIT504=12.26609 FIT501=1.724301 FIT502=1.271295 FIT503=0.7355248 FIT504=0.3074656 P501=2.0 P502=1.0 PIT501=249.9519 PIT502=1.69801 PIT503=188.9419 FIT601=0.000128152 P601=1.0 P602=1.0 P603=1.0 NORMAL_SATTACK=Attack
93,DATASET=SWAT TIMESTAMP=28/12/2015_10:30:46_AM FIT101=2.542356 LIT101=859.5176 MV101=2.0 P101=2.0 P102=1.0 AIT201=264.2592 AIT202=8.434889 AIT203=328.7618 FIT201=2.46487 MV201=2.0 P201=1.0 P202=1.0 P203=2.0 P204=1.0 P205=2.0 P206=1.0 DPIT301=19.68436 FIT301=2.208372 LIT301=790.182 MV301=1.0 MV302=2.0 MV303=1.0 MV304=1.0 P301=1.0 P302=2.0 AIT401=148.808 AIT402=154.3707 FIT401=1.715439 LIT401=815.4063 P401=1.0 P402=2.0 P403=1.0 P404=1.0 UV401=2.0 AIT501=7.874135 AIT502=143.5529 AIT503=262.3686 AIT504=12.26609 FIT501=1.724686 FIT502=1.271295 FIT503=0.7355248 FIT504=0.3063127 P501=2.0 P502=1.0 PIT501=250.0961 PIT502=1.69801 PIT503=188.9419 FIT601=0.000128152 P601=1.0 P602=1.0 P603=1.0 NORMAL_SATTACK=Attack
94,DATASET=SWAT TIMESTAMP=28/12/2015_10:30:47_AM FIT101=2.525702 LIT101=859.6354 MV101=2.0 P101=2.0 P102=1.0 AIT201=263.8105 AIT202=8.429762 AIT203=329.6591 FIT201=2.466665 MV201=2.0 P201=1.0 P202=1.0 P203=2.0 P204=1.0 P205=2.0 P206=1.0 DPIT301=19.72277 FIT301=2.209397 LIT301=790.2621 MV301=1.0 MV302=2.0 MV303=1.0 MV304=1.0 P301=1.0 P302=2.0 AIT401=148.808 AIT402=154.3707 FIT401=1.715567 LIT401=815.5601 P401=1.0 P402=2.0 P403=1.0 P404=1.0 UV401=2.0 AIT501=7.874135 AIT502=143.5529 AIT503=262.3686 AIT504=12.26609 FIT501=1.725455 FIT502=1.271295 FIT503=0.7355248 FIT504=0.3063127 P501=2.0 P502=1.0 PIT501=250.0961 PIT502=1.69801 PIT503=188.9419 FIT601=0.000128152 P601=1.0 P602=1.0 P603=1.0 NORMAL_SATTACK=Attack
95,DATASET=SWAT TIMESTAMP=28/12/2015_10:30:48_AM FIT101=2.510329 LIT101=860.1457 MV101=2.0 P101=2.0 P102=1.0 AIT201=263.8105 AIT202=8.425276 AIT203=330.5306 FIT201=2.466665 MV201=2.0 P201=1.0 P202=1.0 P203=2.0 P204=1.0 P205=2.0 P206=1.0 DPIT301=19.73238 FIT301=2.209397 LIT301=790.3823 MV301=1.0 MV302=2.0 MV303=1.0 MV304=1.0 P301=1.0 P302=2.0 AIT401=148.808 AIT402=154.3707 FIT401=1.716721 LIT401=815.5986 P401=1.0 P402=2.0 P403=1.0 P404=1.0 UV401=2.0 AIT501=7.874135 AIT502=143.5529 AIT503=262.3686 AIT504=12.26609 FIT501=1.725455 FIT502=1.280646 FIT503=0.7355248 FIT504=0.3079781 P501=2.0 P502=1.0 PIT501=250.0961 PIT502=1.69801 PIT503=188.9419 FIT601=0.000128152 P601=1.0 P602=1.0 P603=1.0 NORMAL_SATTACK=Attack
96,DATASET=SWAT TIMESTAMP=28/12/2015_10:30:49_AM FIT101=2.499439 LIT101=859.7139 MV101=2.0 P101=2.0 P102=1.0 AIT201=263.8105 AIT202=8.42111 AIT203=330.9921 FIT201=2.466665 MV201=2.0 P201=1.0 P202=1.0 P203=2.0 P204=1.0 P205=2.0 P206=1.0 DPIT301=19.76759 FIT301=2.209397 LIT301=790.1019 MV301=1.0 MV302=2.0 MV303=1.0 MV304=1.0 P301=1.0 P302=2.0 AIT401=148.808 AIT402=154.3707 FIT401=1.717489 LIT401=815.5601 P401=1.0 P402=2.0 P403=1.0 P404=1.0 UV401=2.0 AIT501=7.874135 AIT502=143.5529 AIT503=262.3686 AIT504=12.26609 FIT501=1.725455 FIT502=1.276675 FIT503=0.7355248 FIT504=0.3086827 P501=2.0 P502=1.0 PIT501=250.0961 PIT502=1.69801 PIT503=188.9419 FIT601=0.000128152 P601=1.0 P602=1.0 P603=1.0 NORMAL_SATTACK=Attack
97,DATASET=SWAT TIMESTAMP=28/12/2015_10:30:50_AM FIT101=2.481504 LIT101=859.8709 MV101=2.0 P101=2.0 P102=1.0 AIT201=264.3232 AIT202=8.416304 AIT203=331.5047 FIT201=2.466665 MV201=2.0 P201=1.0 P202=1.0 P203=2.0 P204=1.0 P205=2.0 P206=1.0 DPIT301=19.76759 FIT301=2.209397 LIT301=789.9417 MV301=1.0 MV302=2.0 MV303=1.0 MV304=1.0 P301=1.0 P302=2.0 AIT401=148.808 AIT402=154.3707 FIT401=1.717489 LIT401=816.1369 P401=1.0 P402=2.0 P403=1.0 P404=1.0 UV401=2.0 AIT501=7.874135 AIT502=143.5529 AIT503=262.3686 AIT504=12.22763 FIT501=1.725455 FIT502=1.271039 FIT503=0.7355248 FIT504=0.3086827 P501=2.0 P502=1.0 PIT501=250.0961 PIT502=1.69801 PIT503=188.9419 FIT601=0.000128152 P601=1.0 P602=1.0 P603=1.0 NORMAL_SATTACK=Attack
98,DATASET=SWAT TIMESTAMP=28/12/2015_10:30:51_AM FIT101=2.469654 LIT101=860.1064 MV101=2.0 P101=2.0 P102=1.0 AIT201=264.3232 AIT202=8.414381 AIT203=331.8893 FIT201=2.466665 MV201=2.0 P201=1.0 P202=1.0 P203=2.0 P204=1.0 P205=2.0 P206=1.0 DPIT301=19.73878 FIT301=2.207091 LIT301=790.5024 MV301=1.0 MV302=2.0 MV303=1.0 MV304=1.0 P301=1.0 P302=2.0 AIT401=148.808 AIT402=154.3707 FIT401=1.717489 LIT401=816.483 P401=1.0 P402=2.0 P403=1.0 P404=1.0 UV401=2.0 AIT501=7.874135 AIT502=143.5529 AIT503=262.3686 AIT504=12.22763 FIT501=1.725455 FIT502=1.276803 FIT503=0.7355248 FIT504=0.3086186 P501=2.0 P502=1.0 PIT501=250.0961 PIT502=1.69801 PIT503=188.9419 FIT601=0.000128152 P601=1.0 P602=1.0 P603=1.0 NORMAL_SATTACK=Attack
99,DATASET=SWAT TIMESTAMP=28/12/2015_10:30:52_AM FIT101=2.450758 LIT101=860.4597 MV101=2.0 P101=2.0 P102=1.0 AIT201=264.3232 AIT202=8.410856 AIT203=332.3507 FIT201=2.466665 MV201=2.0 P201=1.0 P202=1.0 P203=2.0 P204=1.0 P205=2.0 P206=1.0 DPIT301=19.72277 FIT301=2.207091 LIT301=790.2621 MV301=1.0 MV302=2.0 MV303=1.0 MV304=1.0 P301=1.0 P302=2.0 AIT401=148.808 AIT402=154.4476 FIT401=1.717489 LIT401=817.1367 P401=1.0 P402=2.0 P403=1.0 P404=1.0 UV401=2.0 AIT501=7.874135 AIT502=143.5529 AIT503=262.3686 AIT504=12.22763 FIT501=1.724173 FIT502=1.281927 FIT503=0.7355248 FIT504=0.3084265 P501=2.0 P502=1.0 PIT501=250.0961 PIT502=1.69801 PIT503=188.9419 FIT601=0.000128152 P601=1.0 P602=1.0 P603=1.0 NORMAL_SATTACK=Attack
100,DATASET=SWAT TIMESTAMP=28/12/2015_10:30:53_AM FIT101=2.437946 LIT101=860.499 MV101=2.0 P101=2.0 P102=1.0 AIT201=263.8426 AIT202=8.407652 AIT203=332.6327 FIT201=2.465767 MV201=2.0 P201=1.0 P202=1.0 P203=2.0 P204=1.0 P205=2.0 P206=1.0 DPIT301=19.69076 FIT301=2.207091 LIT301=790.142 MV301=1.0 MV302=2.0 MV303=1.0 MV304=1.0 P301=1.0 P302=2.0 AIT401=148.808 AIT402=154.4476 FIT401=1.717489 LIT401=817.4443 P401=1.0 P402=2.0 P403=1.0 P404=1.0 UV401=2.0 AIT501=7.874135 AIT502=143.5529 AIT503=262.3686 AIT504=12.22763 FIT501=1.723789 FIT502=1.281927 FIT503=0.7355248 FIT504=0.3084265 P501=2.0 P502=1.0 PIT501=250.0961 PIT502=1.69801 PIT503=188.9419 FIT601=0.000128152 P601=1.0 P602=1.0 P603=1.0 NORMAL_SATTACK=Attack
